{
  "best_epoch": 1,
  "peak_worker_0_memory_MB": 885.76953125,
  "training_duration": "0:05:09.613823",
  "training_start_epoch": 0,
  "training_epochs": 5,
  "epoch": 5,
  "training_0_P": 0.9756531715393066,
  "training_0_R": 0.999845027923584,
  "training_0_F1": 0.9876009821891785,
  "training_never_P": 0.7083333134651184,
  "training_never_R": 0.029982363805174828,
  "training_never_F1": 0.05752960965037346,
  "training_always_P": 0.9636363387107849,
  "training_always_R": 0.12354312092065811,
  "training_always_F1": 0.21900826692581177,
  "training_usually_P": 1.0,
  "training_usually_R": 0.01342281885445118,
  "training_usually_F1": 0.026490066200494766,
  "training_often_P": 0.4285714328289032,
  "training_often_R": 0.02678571455180645,
  "training_often_F1": 0.05042016878724098,
  "training_sometimes_P": 1.0,
  "training_sometimes_R": 0.06666667014360428,
  "training_sometimes_F1": 0.125,
  "training_whenever_P": 1.0,
  "training_whenever_R": 0.016949152573943138,
  "training_whenever_F1": 0.03333333134651184,
  "training_mostly_P": 0.0,
  "training_mostly_R": 0.0,
  "training_mostly_F1": 0.0,
  "training_frequently_P": 0.0,
  "training_frequently_R": 0.0,
  "training_frequently_F1": 0.0,
  "training_generally_P": 0.6666666865348816,
  "training_generally_R": 0.0833333358168602,
  "training_generally_F1": 0.14814816415309906,
  "training_rarely_P": 0.0,
  "training_rarely_R": 0.0,
  "training_rarely_F1": 0.0,
  "training_occasionally_P": 1.0,
  "training_occasionally_R": 0.3076923191547394,
  "training_occasionally_F1": 0.4705882668495178,
  "training_seldom_P": 0.0,
  "training_seldom_R": 0.0,
  "training_seldom_F1": 0.0,
  "training_universally_P": 1.0,
  "training_universally_R": 0.1666666716337204,
  "training_universally_F1": 0.2857142984867096,
  "training_average_F1": 0.17170236818492413,
  "training_accuracy": 0.9754608430198427,
  "training_loss": 0.12965556773209005,
  "training_worker_0_memory_MB": 885.76953125,
  "validation_0_P": 0.9810351133346558,
  "validation_0_R": 0.9996387958526611,
  "validation_0_F1": 0.9902495741844177,
  "validation_never_P": 0.0,
  "validation_never_R": 0.0,
  "validation_never_F1": 0.0,
  "validation_always_P": 0.0,
  "validation_always_R": 0.0,
  "validation_always_F1": 0.0,
  "validation_usually_P": 0.0,
  "validation_usually_R": 0.0,
  "validation_usually_F1": 0.0,
  "validation_often_P": 0.0,
  "validation_often_R": 0.0,
  "validation_often_F1": 0.0,
  "validation_sometimes_P": 0.0,
  "validation_sometimes_R": 0.0,
  "validation_sometimes_F1": 0.0,
  "validation_whenever_P": 0.0,
  "validation_whenever_R": 0.0,
  "validation_whenever_F1": 0.0,
  "validation_mostly_P": 0.0,
  "validation_mostly_R": 0.0,
  "validation_mostly_F1": 0.0,
  "validation_frequently_P": 0.0,
  "validation_frequently_R": 0.0,
  "validation_frequently_F1": 0.0,
  "validation_generally_P": 0.0,
  "validation_generally_R": 0.0,
  "validation_generally_F1": 0.0,
  "validation_rarely_P": 0.0,
  "validation_rarely_R": 0.0,
  "validation_rarely_F1": 0.0,
  "validation_occasionally_P": 0.0,
  "validation_occasionally_R": 0.0,
  "validation_occasionally_F1": 0.0,
  "validation_seldom_P": 0.0,
  "validation_seldom_R": 0.0,
  "validation_seldom_F1": 0.0,
  "validation_universally_P": 0.0,
  "validation_universally_R": 0.0,
  "validation_universally_F1": 0.0,
  "validation_average_F1": 0.07073211244174413,
  "validation_accuracy": 0.9806874557051737,
  "validation_loss": 0.14869754195575957,
  "best_validation_0_P": 0.9810417890548706,
  "best_validation_0_R": 1.0,
  "best_validation_0_F1": 0.9904301762580872,
  "best_validation_never_P": 0.0,
  "best_validation_never_R": 0.0,
  "best_validation_never_F1": 0.0,
  "best_validation_always_P": 0.0,
  "best_validation_always_R": 0.0,
  "best_validation_always_F1": 0.0,
  "best_validation_usually_P": 0.0,
  "best_validation_usually_R": 0.0,
  "best_validation_usually_F1": 0.0,
  "best_validation_often_P": 0.0,
  "best_validation_often_R": 0.0,
  "best_validation_often_F1": 0.0,
  "best_validation_sometimes_P": 0.0,
  "best_validation_sometimes_R": 0.0,
  "best_validation_sometimes_F1": 0.0,
  "best_validation_whenever_P": 0.0,
  "best_validation_whenever_R": 0.0,
  "best_validation_whenever_F1": 0.0,
  "best_validation_mostly_P": 0.0,
  "best_validation_mostly_R": 0.0,
  "best_validation_mostly_F1": 0.0,
  "best_validation_frequently_P": 0.0,
  "best_validation_frequently_R": 0.0,
  "best_validation_frequently_F1": 0.0,
  "best_validation_generally_P": 0.0,
  "best_validation_generally_R": 0.0,
  "best_validation_generally_F1": 0.0,
  "best_validation_rarely_P": 0.0,
  "best_validation_rarely_R": 0.0,
  "best_validation_rarely_F1": 0.0,
  "best_validation_occasionally_P": 0.0,
  "best_validation_occasionally_R": 0.0,
  "best_validation_occasionally_F1": 0.0,
  "best_validation_seldom_P": 0.0,
  "best_validation_seldom_R": 0.0,
  "best_validation_seldom_F1": 0.0,
  "best_validation_universally_P": 0.0,
  "best_validation_universally_R": 0.0,
  "best_validation_universally_F1": 0.0,
  "best_validation_average_F1": 0.07074501258986336,
  "best_validation_accuracy": 0.9810418143160878,
  "best_validation_loss": 0.1285916031709155
}