{
  "best_epoch": 1,
  "peak_worker_0_memory_MB": 885.76953125,
  "training_duration": "0:06:51.407446",
  "training_start_epoch": 0,
  "training_epochs": 7,
  "epoch": 7,
  "training_0_P": 0.9764163494110107,
  "training_0_R": 0.9995006322860718,
  "training_0_F1": 0.9878236651420593,
  "training_never_P": 0.6666666865348816,
  "training_never_R": 0.05643738806247711,
  "training_never_F1": 0.10406503826379776,
  "training_always_P": 0.9166666865348816,
  "training_always_R": 0.1538461595773697,
  "training_always_F1": 0.2634730339050293,
  "training_usually_P": 1.0,
  "training_usually_R": 0.033557046204805374,
  "training_usually_F1": 0.06493506580591202,
  "training_often_P": 0.4615384638309479,
  "training_often_R": 0.0535714291036129,
  "training_often_F1": 0.09600000083446503,
  "training_sometimes_P": 0.8999999761581421,
  "training_sometimes_R": 0.08571428805589676,
  "training_sometimes_F1": 0.156521737575531,
  "training_whenever_P": 1.0,
  "training_whenever_R": 0.016949152573943138,
  "training_whenever_F1": 0.03333333134651184,
  "training_mostly_P": 0.6666666865348816,
  "training_mostly_R": 0.054054055362939835,
  "training_mostly_F1": 0.09999999403953552,
  "training_frequently_P": 1.0,
  "training_frequently_R": 0.1428571492433548,
  "training_frequently_F1": 0.25,
  "training_generally_P": 0.800000011920929,
  "training_generally_R": 0.1666666716337204,
  "training_generally_F1": 0.27586206793785095,
  "training_rarely_P": 0.5,
  "training_rarely_R": 0.10000000149011612,
  "training_rarely_F1": 0.1666666567325592,
  "training_occasionally_P": 1.0,
  "training_occasionally_R": 0.38461539149284363,
  "training_occasionally_F1": 0.555555522441864,
  "training_seldom_P": 0.5,
  "training_seldom_R": 0.1111111119389534,
  "training_seldom_F1": 0.1818181872367859,
  "training_universally_P": 1.0,
  "training_universally_R": 0.1666666716337204,
  "training_universally_F1": 0.2857142984867096,
  "training_average_F1": 0.25155489998204367,
  "training_accuracy": 0.9758969456045892,
  "training_loss": 0.11794403567875048,
  "training_worker_0_memory_MB": 885.76953125,
  "validation_0_P": 0.9810216426849365,
  "validation_0_R": 0.9989163875579834,
  "validation_0_F1": 0.9898881316184998,
  "validation_never_P": 0.0,
  "validation_never_R": 0.0,
  "validation_never_F1": 0.0,
  "validation_always_P": 0.0,
  "validation_always_R": 0.0,
  "validation_always_F1": 0.0,
  "validation_usually_P": 0.0,
  "validation_usually_R": 0.0,
  "validation_usually_F1": 0.0,
  "validation_often_P": 0.0,
  "validation_often_R": 0.0,
  "validation_often_F1": 0.0,
  "validation_sometimes_P": 0.0,
  "validation_sometimes_R": 0.0,
  "validation_sometimes_F1": 0.0,
  "validation_whenever_P": 0.0,
  "validation_whenever_R": 0.0,
  "validation_whenever_F1": 0.0,
  "validation_mostly_P": 0.0,
  "validation_mostly_R": 0.0,
  "validation_mostly_F1": 0.0,
  "validation_frequently_P": 0.0,
  "validation_frequently_R": 0.0,
  "validation_frequently_F1": 0.0,
  "validation_generally_P": 0.0,
  "validation_generally_R": 0.0,
  "validation_generally_F1": 0.0,
  "validation_rarely_P": 0.0,
  "validation_rarely_R": 0.0,
  "validation_rarely_F1": 0.0,
  "validation_occasionally_P": 0.0,
  "validation_occasionally_R": 0.0,
  "validation_occasionally_F1": 0.0,
  "validation_seldom_P": 0.0,
  "validation_seldom_R": 0.0,
  "validation_seldom_F1": 0.0,
  "validation_universally_P": 0.0,
  "validation_universally_R": 0.0,
  "validation_universally_F1": 0.0,
  "validation_average_F1": 0.07070629511560712,
  "validation_accuracy": 0.9799787384833452,
  "validation_loss": 0.16077331985487084,
  "best_validation_0_P": 0.9810417890548706,
  "best_validation_0_R": 1.0,
  "best_validation_0_F1": 0.9904301762580872,
  "best_validation_never_P": 0.0,
  "best_validation_never_R": 0.0,
  "best_validation_never_F1": 0.0,
  "best_validation_always_P": 0.0,
  "best_validation_always_R": 0.0,
  "best_validation_always_F1": 0.0,
  "best_validation_usually_P": 0.0,
  "best_validation_usually_R": 0.0,
  "best_validation_usually_F1": 0.0,
  "best_validation_often_P": 0.0,
  "best_validation_often_R": 0.0,
  "best_validation_often_F1": 0.0,
  "best_validation_sometimes_P": 0.0,
  "best_validation_sometimes_R": 0.0,
  "best_validation_sometimes_F1": 0.0,
  "best_validation_whenever_P": 0.0,
  "best_validation_whenever_R": 0.0,
  "best_validation_whenever_F1": 0.0,
  "best_validation_mostly_P": 0.0,
  "best_validation_mostly_R": 0.0,
  "best_validation_mostly_F1": 0.0,
  "best_validation_frequently_P": 0.0,
  "best_validation_frequently_R": 0.0,
  "best_validation_frequently_F1": 0.0,
  "best_validation_generally_P": 0.0,
  "best_validation_generally_R": 0.0,
  "best_validation_generally_F1": 0.0,
  "best_validation_rarely_P": 0.0,
  "best_validation_rarely_R": 0.0,
  "best_validation_rarely_F1": 0.0,
  "best_validation_occasionally_P": 0.0,
  "best_validation_occasionally_R": 0.0,
  "best_validation_occasionally_F1": 0.0,
  "best_validation_seldom_P": 0.0,
  "best_validation_seldom_R": 0.0,
  "best_validation_seldom_F1": 0.0,
  "best_validation_universally_P": 0.0,
  "best_validation_universally_R": 0.0,
  "best_validation_universally_F1": 0.0,
  "best_validation_average_F1": 0.07074501258986336,
  "best_validation_accuracy": 0.9810418143160878,
  "best_validation_loss": 0.1285916031709155
}