{
  "best_epoch": 1,
  "peak_worker_0_memory_MB": 885.76953125,
  "training_duration": "0:06:00.578432",
  "training_start_epoch": 0,
  "training_epochs": 6,
  "epoch": 6,
  "training_0_P": 0.9760123491287231,
  "training_0_R": 0.9997761249542236,
  "training_0_F1": 0.987751305103302,
  "training_never_P": 0.8484848737716675,
  "training_never_R": 0.04938271641731262,
  "training_never_F1": 0.09333334118127823,
  "training_always_P": 0.921875,
  "training_always_R": 0.1375291347503662,
  "training_always_F1": 0.23935090005397797,
  "training_usually_P": 1.0,
  "training_usually_R": 0.01342281885445118,
  "training_usually_F1": 0.026490066200494766,
  "training_often_P": 0.5555555820465088,
  "training_often_R": 0.0446428582072258,
  "training_often_F1": 0.08264463394880295,
  "training_sometimes_P": 0.8333333134651184,
  "training_sometimes_R": 0.095238097012043,
  "training_sometimes_F1": 0.17094017565250397,
  "training_whenever_P": 0.0,
  "training_whenever_R": 0.0,
  "training_whenever_F1": 0.0,
  "training_mostly_P": 1.0,
  "training_mostly_R": 0.027027027681469917,
  "training_mostly_F1": 0.05263157933950424,
  "training_frequently_P": 1.0,
  "training_frequently_R": 0.0714285746216774,
  "training_frequently_F1": 0.13333334028720856,
  "training_generally_P": 1.0,
  "training_generally_R": 0.0416666679084301,
  "training_generally_F1": 0.08000000566244125,
  "training_rarely_P": 0.0,
  "training_rarely_R": 0.0,
  "training_rarely_F1": 0.0,
  "training_occasionally_P": 1.0,
  "training_occasionally_R": 0.3076923191547394,
  "training_occasionally_F1": 0.4705882668495178,
  "training_seldom_P": 1.0,
  "training_seldom_R": 0.2222222238779068,
  "training_seldom_F1": 0.3636363744735718,
  "training_universally_P": 1.0,
  "training_universally_R": 0.1666666716337204,
  "training_universally_F1": 0.2857142984867096,
  "training_average_F1": 0.2133153062313795,
  "training_accuracy": 0.9757963065465707,
  "training_loss": 0.1241054598870242,
  "training_worker_0_memory_MB": 885.76953125,
  "validation_0_P": 0.9810317158699036,
  "validation_0_R": 0.9994581937789917,
  "validation_0_F1": 0.9901591539382935,
  "validation_never_P": 0.0,
  "validation_never_R": 0.0,
  "validation_never_F1": 0.0,
  "validation_always_P": 0.0,
  "validation_always_R": 0.0,
  "validation_always_F1": 0.0,
  "validation_usually_P": 0.0,
  "validation_usually_R": 0.0,
  "validation_usually_F1": 0.0,
  "validation_often_P": 0.0,
  "validation_often_R": 0.0,
  "validation_often_F1": 0.0,
  "validation_sometimes_P": 0.0,
  "validation_sometimes_R": 0.0,
  "validation_sometimes_F1": 0.0,
  "validation_whenever_P": 0.0,
  "validation_whenever_R": 0.0,
  "validation_whenever_F1": 0.0,
  "validation_mostly_P": 0.0,
  "validation_mostly_R": 0.0,
  "validation_mostly_F1": 0.0,
  "validation_frequently_P": 0.0,
  "validation_frequently_R": 0.0,
  "validation_frequently_F1": 0.0,
  "validation_generally_P": 0.0,
  "validation_generally_R": 0.0,
  "validation_generally_F1": 0.0,
  "validation_rarely_P": 0.0,
  "validation_rarely_R": 0.0,
  "validation_rarely_F1": 0.0,
  "validation_occasionally_P": 0.0,
  "validation_occasionally_R": 0.0,
  "validation_occasionally_F1": 0.0,
  "validation_seldom_P": 0.0,
  "validation_seldom_R": 0.0,
  "validation_seldom_F1": 0.0,
  "validation_universally_P": 0.0,
  "validation_universally_R": 0.0,
  "validation_universally_F1": 0.0,
  "validation_average_F1": 0.07072565385273524,
  "validation_accuracy": 0.9805102763997166,
  "validation_loss": 0.1513689856325169,
  "best_validation_0_P": 0.9810417890548706,
  "best_validation_0_R": 1.0,
  "best_validation_0_F1": 0.9904301762580872,
  "best_validation_never_P": 0.0,
  "best_validation_never_R": 0.0,
  "best_validation_never_F1": 0.0,
  "best_validation_always_P": 0.0,
  "best_validation_always_R": 0.0,
  "best_validation_always_F1": 0.0,
  "best_validation_usually_P": 0.0,
  "best_validation_usually_R": 0.0,
  "best_validation_usually_F1": 0.0,
  "best_validation_often_P": 0.0,
  "best_validation_often_R": 0.0,
  "best_validation_often_F1": 0.0,
  "best_validation_sometimes_P": 0.0,
  "best_validation_sometimes_R": 0.0,
  "best_validation_sometimes_F1": 0.0,
  "best_validation_whenever_P": 0.0,
  "best_validation_whenever_R": 0.0,
  "best_validation_whenever_F1": 0.0,
  "best_validation_mostly_P": 0.0,
  "best_validation_mostly_R": 0.0,
  "best_validation_mostly_F1": 0.0,
  "best_validation_frequently_P": 0.0,
  "best_validation_frequently_R": 0.0,
  "best_validation_frequently_F1": 0.0,
  "best_validation_generally_P": 0.0,
  "best_validation_generally_R": 0.0,
  "best_validation_generally_F1": 0.0,
  "best_validation_rarely_P": 0.0,
  "best_validation_rarely_R": 0.0,
  "best_validation_rarely_F1": 0.0,
  "best_validation_occasionally_P": 0.0,
  "best_validation_occasionally_R": 0.0,
  "best_validation_occasionally_F1": 0.0,
  "best_validation_seldom_P": 0.0,
  "best_validation_seldom_R": 0.0,
  "best_validation_seldom_F1": 0.0,
  "best_validation_universally_P": 0.0,
  "best_validation_universally_R": 0.0,
  "best_validation_universally_F1": 0.0,
  "best_validation_average_F1": 0.07074501258986336,
  "best_validation_accuracy": 0.9810418143160878,
  "best_validation_loss": 0.1285916031709155
}