{
  "best_epoch": 1,
  "peak_worker_0_memory_MB": 885.76953125,
  "training_duration": "0:09:24.638133",
  "training_start_epoch": 0,
  "training_epochs": 10,
  "epoch": 10,
  "training_0_P": 0.9783015251159668,
  "training_0_R": 0.9991562366485596,
  "training_0_F1": 0.9886189103126526,
  "training_never_P": 0.7526881694793701,
  "training_never_R": 0.12345679104328156,
  "training_never_F1": 0.21212121844291687,
  "training_always_P": 0.8545454740524292,
  "training_always_R": 0.21911421418190002,
  "training_always_F1": 0.3487940728664398,
  "training_usually_P": 0.8888888955116272,
  "training_usually_R": 0.10738255083560944,
  "training_usually_F1": 0.19161675870418549,
  "training_often_P": 0.6538461446762085,
  "training_often_R": 0.1517857164144516,
  "training_often_F1": 0.24637681245803833,
  "training_sometimes_P": 0.949999988079071,
  "training_sometimes_R": 0.18095238506793976,
  "training_sometimes_F1": 0.30399999022483826,
  "training_whenever_P": 0.5,
  "training_whenever_R": 0.033898305147886276,
  "training_whenever_F1": 0.0634920671582222,
  "training_mostly_P": 0.7142857313156128,
  "training_mostly_R": 0.13513512909412384,
  "training_mostly_F1": 0.22727271914482117,
  "training_frequently_P": 0.7142857313156128,
  "training_frequently_R": 0.3571428656578064,
  "training_frequently_F1": 0.4761904776096344,
  "training_generally_P": 0.800000011920929,
  "training_generally_R": 0.1666666716337204,
  "training_generally_F1": 0.27586206793785095,
  "training_rarely_P": 0.75,
  "training_rarely_R": 0.15000000596046448,
  "training_rarely_F1": 0.2500000298023224,
  "training_occasionally_P": 1.0,
  "training_occasionally_R": 0.38461539149284363,
  "training_occasionally_F1": 0.555555522441864,
  "training_seldom_P": 0.0,
  "training_seldom_R": 0.0,
  "training_seldom_F1": 0.0,
  "training_universally_P": 1.0,
  "training_universally_R": 0.6666666865348816,
  "training_universally_F1": 0.800000011920929,
  "training_average_F1": 0.35285004707319395,
  "training_accuracy": 0.9773729851221926,
  "training_loss": 0.10288135393008203,
  "training_worker_0_memory_MB": 885.76953125,
  "validation_0_P": 0.9812023639678955,
  "validation_0_R": 0.9992775917053223,
  "validation_0_F1": 0.9901574850082397,
  "validation_never_P": 0.0,
  "validation_never_R": 0.0,
  "validation_never_F1": 0.0,
  "validation_always_P": 0.0,
  "validation_always_R": 0.0,
  "validation_always_F1": 0.0,
  "validation_usually_P": 0.0,
  "validation_usually_R": 0.0,
  "validation_usually_F1": 0.0,
  "validation_often_P": 0.0,
  "validation_often_R": 0.0,
  "validation_often_F1": 0.0,
  "validation_sometimes_P": 0.0,
  "validation_sometimes_R": 0.0,
  "validation_sometimes_F1": 0.0,
  "validation_whenever_P": 0.0,
  "validation_whenever_R": 0.0,
  "validation_whenever_F1": 0.0,
  "validation_mostly_P": 0.0,
  "validation_mostly_R": 0.0,
  "validation_mostly_F1": 0.0,
  "validation_frequently_P": 0.0,
  "validation_frequently_R": 0.0,
  "validation_frequently_F1": 0.0,
  "validation_generally_P": 0.0,
  "validation_generally_R": 0.0,
  "validation_generally_F1": 0.0,
  "validation_rarely_P": 0.0,
  "validation_rarely_R": 0.0,
  "validation_rarely_F1": 0.0,
  "validation_occasionally_P": 0.0,
  "validation_occasionally_R": 0.0,
  "validation_occasionally_F1": 0.0,
  "validation_seldom_P": 0.0,
  "validation_seldom_R": 0.0,
  "validation_seldom_F1": 0.0,
  "validation_universally_P": 0.0,
  "validation_universally_R": 0.0,
  "validation_universally_F1": 0.0,
  "validation_average_F1": 0.07072553464344569,
  "validation_accuracy": 0.9803330970942594,
  "validation_loss": 0.16930146681977254,
  "best_validation_0_P": 0.9810417890548706,
  "best_validation_0_R": 1.0,
  "best_validation_0_F1": 0.9904301762580872,
  "best_validation_never_P": 0.0,
  "best_validation_never_R": 0.0,
  "best_validation_never_F1": 0.0,
  "best_validation_always_P": 0.0,
  "best_validation_always_R": 0.0,
  "best_validation_always_F1": 0.0,
  "best_validation_usually_P": 0.0,
  "best_validation_usually_R": 0.0,
  "best_validation_usually_F1": 0.0,
  "best_validation_often_P": 0.0,
  "best_validation_often_R": 0.0,
  "best_validation_often_F1": 0.0,
  "best_validation_sometimes_P": 0.0,
  "best_validation_sometimes_R": 0.0,
  "best_validation_sometimes_F1": 0.0,
  "best_validation_whenever_P": 0.0,
  "best_validation_whenever_R": 0.0,
  "best_validation_whenever_F1": 0.0,
  "best_validation_mostly_P": 0.0,
  "best_validation_mostly_R": 0.0,
  "best_validation_mostly_F1": 0.0,
  "best_validation_frequently_P": 0.0,
  "best_validation_frequently_R": 0.0,
  "best_validation_frequently_F1": 0.0,
  "best_validation_generally_P": 0.0,
  "best_validation_generally_R": 0.0,
  "best_validation_generally_F1": 0.0,
  "best_validation_rarely_P": 0.0,
  "best_validation_rarely_R": 0.0,
  "best_validation_rarely_F1": 0.0,
  "best_validation_occasionally_P": 0.0,
  "best_validation_occasionally_R": 0.0,
  "best_validation_occasionally_F1": 0.0,
  "best_validation_seldom_P": 0.0,
  "best_validation_seldom_R": 0.0,
  "best_validation_seldom_F1": 0.0,
  "best_validation_universally_P": 0.0,
  "best_validation_universally_R": 0.0,
  "best_validation_universally_F1": 0.0,
  "best_validation_average_F1": 0.07074501258986336,
  "best_validation_accuracy": 0.9810418143160878,
  "best_validation_loss": 0.1285916031709155
}