{
  "best_epoch": 1,
  "peak_worker_0_memory_MB": 885.76953125,
  "training_duration": "0:10:17.052268",
  "training_start_epoch": 0,
  "training_epochs": 11,
  "epoch": 11,
  "training_0_P": 0.9784783124923706,
  "training_0_R": 0.998932421207428,
  "training_0_F1": 0.9885995388031006,
  "training_never_P": 0.7708333134651184,
  "training_never_R": 0.13051146268844604,
  "training_never_F1": 0.22322775423526764,
  "training_always_P": 0.8240000009536743,
  "training_always_R": 0.24009324610233307,
  "training_always_F1": 0.371841162443161,
  "training_usually_P": 0.5,
  "training_usually_R": 0.06711409240961075,
  "training_usually_F1": 0.11834318935871124,
  "training_often_P": 0.7307692170143127,
  "training_often_R": 0.1696428507566452,
  "training_often_F1": 0.2753623127937317,
  "training_sometimes_P": 0.8421052694320679,
  "training_sometimes_R": 0.15238095819950104,
  "training_sometimes_F1": 0.25806453824043274,
  "training_whenever_P": 0.6666666865348816,
  "training_whenever_R": 0.033898305147886276,
  "training_whenever_F1": 0.06451612710952759,
  "training_mostly_P": 1.0,
  "training_mostly_R": 0.18918919563293457,
  "training_mostly_F1": 0.3181818127632141,
  "training_frequently_P": 0.5,
  "training_frequently_R": 0.0714285746216774,
  "training_frequently_F1": 0.125,
  "training_generally_P": 0.5,
  "training_generally_R": 0.1666666716337204,
  "training_generally_F1": 0.25,
  "training_rarely_P": 0.3333333432674408,
  "training_rarely_R": 0.15000000596046448,
  "training_rarely_F1": 0.2068965584039688,
  "training_occasionally_P": 0.8333333134651184,
  "training_occasionally_R": 0.38461539149284363,
  "training_occasionally_F1": 0.5263158082962036,
  "training_seldom_P": 0.800000011920929,
  "training_seldom_R": 0.4444444477558136,
  "training_seldom_F1": 0.5714285373687744,
  "training_universally_P": 1.0,
  "training_universally_R": 0.6666666865348816,
  "training_universally_F1": 0.800000011920929,
  "training_average_F1": 0.3641269536955016,
  "training_accuracy": 0.9772891192405105,
  "training_loss": 0.09996408384163234,
  "training_worker_0_memory_MB": 885.76953125,
  "validation_0_P": 0.9811956882476807,
  "validation_0_R": 0.9989163875579834,
  "validation_0_F1": 0.9899767637252808,
  "validation_never_P": 0.0,
  "validation_never_R": 0.0,
  "validation_never_F1": 0.0,
  "validation_always_P": 0.0,
  "validation_always_R": 0.0,
  "validation_always_F1": 0.0,
  "validation_usually_P": 0.0,
  "validation_usually_R": 0.0,
  "validation_usually_F1": 0.0,
  "validation_often_P": 0.0,
  "validation_often_R": 0.0,
  "validation_often_F1": 0.0,
  "validation_sometimes_P": 0.0,
  "validation_sometimes_R": 0.0,
  "validation_sometimes_F1": 0.0,
  "validation_whenever_P": 0.0,
  "validation_whenever_R": 0.0,
  "validation_whenever_F1": 0.0,
  "validation_mostly_P": 0.0,
  "validation_mostly_R": 0.0,
  "validation_mostly_F1": 0.0,
  "validation_frequently_P": 0.0,
  "validation_frequently_R": 0.0,
  "validation_frequently_F1": 0.0,
  "validation_generally_P": 0.0,
  "validation_generally_R": 0.0,
  "validation_generally_F1": 0.0,
  "validation_rarely_P": 0.0,
  "validation_rarely_R": 0.0,
  "validation_rarely_F1": 0.0,
  "validation_occasionally_P": 0.0,
  "validation_occasionally_R": 0.0,
  "validation_occasionally_F1": 0.0,
  "validation_seldom_P": 0.0,
  "validation_seldom_R": 0.0,
  "validation_seldom_F1": 0.0,
  "validation_universally_P": 0.0,
  "validation_universally_R": 0.0,
  "validation_universally_F1": 0.0,
  "validation_average_F1": 0.0707126259803772,
  "validation_accuracy": 0.9799787384833452,
  "validation_loss": 0.17429488952667246,
  "best_validation_0_P": 0.9810417890548706,
  "best_validation_0_R": 1.0,
  "best_validation_0_F1": 0.9904301762580872,
  "best_validation_never_P": 0.0,
  "best_validation_never_R": 0.0,
  "best_validation_never_F1": 0.0,
  "best_validation_always_P": 0.0,
  "best_validation_always_R": 0.0,
  "best_validation_always_F1": 0.0,
  "best_validation_usually_P": 0.0,
  "best_validation_usually_R": 0.0,
  "best_validation_usually_F1": 0.0,
  "best_validation_often_P": 0.0,
  "best_validation_often_R": 0.0,
  "best_validation_often_F1": 0.0,
  "best_validation_sometimes_P": 0.0,
  "best_validation_sometimes_R": 0.0,
  "best_validation_sometimes_F1": 0.0,
  "best_validation_whenever_P": 0.0,
  "best_validation_whenever_R": 0.0,
  "best_validation_whenever_F1": 0.0,
  "best_validation_mostly_P": 0.0,
  "best_validation_mostly_R": 0.0,
  "best_validation_mostly_F1": 0.0,
  "best_validation_frequently_P": 0.0,
  "best_validation_frequently_R": 0.0,
  "best_validation_frequently_F1": 0.0,
  "best_validation_generally_P": 0.0,
  "best_validation_generally_R": 0.0,
  "best_validation_generally_F1": 0.0,
  "best_validation_rarely_P": 0.0,
  "best_validation_rarely_R": 0.0,
  "best_validation_rarely_F1": 0.0,
  "best_validation_occasionally_P": 0.0,
  "best_validation_occasionally_R": 0.0,
  "best_validation_occasionally_F1": 0.0,
  "best_validation_seldom_P": 0.0,
  "best_validation_seldom_R": 0.0,
  "best_validation_seldom_F1": 0.0,
  "best_validation_universally_P": 0.0,
  "best_validation_universally_R": 0.0,
  "best_validation_universally_F1": 0.0,
  "best_validation_average_F1": 0.07074501258986336,
  "best_validation_accuracy": 0.9810418143160878,
  "best_validation_loss": 0.1285916031709155
}