{
  "best_epoch": 1,
  "peak_worker_0_memory_MB": 885.76953125,
  "training_duration": "0:08:33.925587",
  "training_start_epoch": 0,
  "training_epochs": 9,
  "epoch": 9,
  "training_0_P": 0.977564811706543,
  "training_0_R": 0.9993801116943359,
  "training_0_F1": 0.9883520603179932,
  "training_never_P": 0.7236841917037964,
  "training_never_R": 0.09700176119804382,
  "training_never_F1": 0.1710730791091919,
  "training_always_P": 0.9052631855010986,
  "training_always_R": 0.20046620070934296,
  "training_always_F1": 0.32824429869651794,
  "training_usually_P": 0.692307710647583,
  "training_usually_R": 0.06040268391370773,
  "training_usually_F1": 0.1111111119389534,
  "training_often_P": 0.75,
  "training_often_R": 0.1339285671710968,
  "training_often_F1": 0.22727273404598236,
  "training_sometimes_P": 0.9285714030265808,
  "training_sometimes_R": 0.12380952388048172,
  "training_sometimes_F1": 0.21848739683628082,
  "training_whenever_P": 0.6000000238418579,
  "training_whenever_R": 0.050847455859184265,
  "training_whenever_F1": 0.09375,
  "training_mostly_P": 1.0,
  "training_mostly_R": 0.13513512909412384,
  "training_mostly_F1": 0.238095223903656,
  "training_frequently_P": 1.0,
  "training_frequently_R": 0.2142857164144516,
  "training_frequently_F1": 0.3529411852359772,
  "training_generally_P": 0.800000011920929,
  "training_generally_R": 0.1666666716337204,
  "training_generally_F1": 0.27586206793785095,
  "training_rarely_P": 0.6666666865348816,
  "training_rarely_R": 0.10000000149011612,
  "training_rarely_F1": 0.17391304671764374,
  "training_occasionally_P": 1.0,
  "training_occasionally_R": 0.23076923191547394,
  "training_occasionally_F1": 0.375,
  "training_seldom_P": 1.0,
  "training_seldom_R": 0.2222222238779068,
  "training_seldom_F1": 0.3636363744735718,
  "training_universally_P": 1.0,
  "training_universally_R": 0.6666666865348816,
  "training_universally_F1": 0.800000011920929,
  "training_average_F1": 0.33698132793818203,
  "training_accuracy": 0.9769201093611097,
  "training_loss": 0.10688483687726523,
  "training_worker_0_memory_MB": 885.76953125,
  "validation_0_P": 0.9810351133346558,
  "validation_0_R": 0.9996387958526611,
  "validation_0_F1": 0.9902495741844177,
  "validation_never_P": 0.0,
  "validation_never_R": 0.0,
  "validation_never_F1": 0.0,
  "validation_always_P": 0.0,
  "validation_always_R": 0.0,
  "validation_always_F1": 0.0,
  "validation_usually_P": 0.0,
  "validation_usually_R": 0.0,
  "validation_usually_F1": 0.0,
  "validation_often_P": 0.0,
  "validation_often_R": 0.0,
  "validation_often_F1": 0.0,
  "validation_sometimes_P": 0.0,
  "validation_sometimes_R": 0.0,
  "validation_sometimes_F1": 0.0,
  "validation_whenever_P": 0.0,
  "validation_whenever_R": 0.0,
  "validation_whenever_F1": 0.0,
  "validation_mostly_P": 0.0,
  "validation_mostly_R": 0.0,
  "validation_mostly_F1": 0.0,
  "validation_frequently_P": 0.0,
  "validation_frequently_R": 0.0,
  "validation_frequently_F1": 0.0,
  "validation_generally_P": 0.0,
  "validation_generally_R": 0.0,
  "validation_generally_F1": 0.0,
  "validation_rarely_P": 0.0,
  "validation_rarely_R": 0.0,
  "validation_rarely_F1": 0.0,
  "validation_occasionally_P": 0.0,
  "validation_occasionally_R": 0.0,
  "validation_occasionally_F1": 0.0,
  "validation_seldom_P": 0.0,
  "validation_seldom_R": 0.0,
  "validation_seldom_F1": 0.0,
  "validation_universally_P": 0.0,
  "validation_universally_R": 0.0,
  "validation_universally_F1": 0.0,
  "validation_average_F1": 0.07073211244174413,
  "validation_accuracy": 0.9806874557051737,
  "validation_loss": 0.16431478092166701,
  "best_validation_0_P": 0.9810417890548706,
  "best_validation_0_R": 1.0,
  "best_validation_0_F1": 0.9904301762580872,
  "best_validation_never_P": 0.0,
  "best_validation_never_R": 0.0,
  "best_validation_never_F1": 0.0,
  "best_validation_always_P": 0.0,
  "best_validation_always_R": 0.0,
  "best_validation_always_F1": 0.0,
  "best_validation_usually_P": 0.0,
  "best_validation_usually_R": 0.0,
  "best_validation_usually_F1": 0.0,
  "best_validation_often_P": 0.0,
  "best_validation_often_R": 0.0,
  "best_validation_often_F1": 0.0,
  "best_validation_sometimes_P": 0.0,
  "best_validation_sometimes_R": 0.0,
  "best_validation_sometimes_F1": 0.0,
  "best_validation_whenever_P": 0.0,
  "best_validation_whenever_R": 0.0,
  "best_validation_whenever_F1": 0.0,
  "best_validation_mostly_P": 0.0,
  "best_validation_mostly_R": 0.0,
  "best_validation_mostly_F1": 0.0,
  "best_validation_frequently_P": 0.0,
  "best_validation_frequently_R": 0.0,
  "best_validation_frequently_F1": 0.0,
  "best_validation_generally_P": 0.0,
  "best_validation_generally_R": 0.0,
  "best_validation_generally_F1": 0.0,
  "best_validation_rarely_P": 0.0,
  "best_validation_rarely_R": 0.0,
  "best_validation_rarely_F1": 0.0,
  "best_validation_occasionally_P": 0.0,
  "best_validation_occasionally_R": 0.0,
  "best_validation_occasionally_F1": 0.0,
  "best_validation_seldom_P": 0.0,
  "best_validation_seldom_R": 0.0,
  "best_validation_seldom_F1": 0.0,
  "best_validation_universally_P": 0.0,
  "best_validation_universally_R": 0.0,
  "best_validation_universally_F1": 0.0,
  "best_validation_average_F1": 0.07074501258986336,
  "best_validation_accuracy": 0.9810418143160878,
  "best_validation_loss": 0.1285916031709155
}