{
  "best_epoch": 4,
  "peak_worker_0_memory_MB": 917.59375,
  "training_duration": "0:42:33.209180",
  "training_start_epoch": 0,
  "training_epochs": 13,
  "epoch": 13,
  "training_0_P": 0.9875519275665283,
  "training_0_R": 0.9931389093399048,
  "training_0_F1": 0.9903375506401062,
  "training_never_P": 0.625,
  "training_never_R": 0.4850088059902191,
  "training_never_F1": 0.5461767315864563,
  "training_always_P": 0.5948553085327148,
  "training_always_R": 0.4312354326248169,
  "training_always_F1": 0.5,
  "training_usually_P": 0.6090909242630005,
  "training_usually_R": 0.449664443731308,
  "training_usually_F1": 0.5173745155334473,
  "training_often_P": 0.5544554591178894,
  "training_often_R": 0.5,
  "training_often_F1": 0.5258215665817261,
  "training_sometimes_P": 0.5679012537002563,
  "training_sometimes_R": 0.43809524178504944,
  "training_sometimes_F1": 0.49462369084358215,
  "training_frequently_P": 0.5714285969734192,
  "training_frequently_R": 0.5714285969734192,
  "training_frequently_F1": 0.5714285969734192,
  "training_mostly_P": 0.6206896305084229,
  "training_mostly_R": 0.4864864945411682,
  "training_mostly_F1": 0.5454545617103577,
  "training_generally_P": 0.5909090638160706,
  "training_generally_R": 0.5416666865348816,
  "training_generally_F1": 0.5652173757553101,
  "training_occasionally_P": 0.692307710647583,
  "training_occasionally_R": 0.692307710647583,
  "training_occasionally_F1": 0.692307710647583,
  "training_seldom_P": 0.875,
  "training_seldom_R": 0.7777777910232544,
  "training_seldom_F1": 0.8235294222831726,
  "training_universally_P": 0.8571428656578064,
  "training_universally_R": 1.0,
  "training_universally_F1": 0.9230769276618958,
  "training_average_F1": 0.6412790541847547,
  "training_accuracy": 0.9803082909810631,
  "training_loss": 0.043550849523543135,
  "training_worker_0_memory_MB": 917.59375,
  "validation_0_P": 0.9832859039306641,
  "validation_0_R": 0.998735785484314,
  "validation_0_F1": 0.9909506440162659,
  "validation_never_P": 0.0,
  "validation_never_R": 0.0,
  "validation_never_F1": 0.0,
  "validation_always_P": 0.7692307829856873,
  "validation_always_R": 0.25,
  "validation_always_F1": 0.37735846638679504,
  "validation_usually_P": 0.6666666865348816,
  "validation_usually_R": 0.0833333358168602,
  "validation_usually_F1": 0.14814816415309906,
  "validation_often_P": 0.0,
  "validation_often_R": 0.0,
  "validation_often_F1": 0.0,
  "validation_sometimes_P": 0.0,
  "validation_sometimes_R": 0.0,
  "validation_sometimes_F1": 0.0,
  "validation_frequently_P": 0.0,
  "validation_frequently_R": 0.0,
  "validation_frequently_F1": 0.0,
  "validation_mostly_P": 0.0,
  "validation_mostly_R": 0.0,
  "validation_mostly_F1": 0.0,
  "validation_generally_P": 0.0,
  "validation_generally_R": 0.0,
  "validation_generally_F1": 0.0,
  "validation_occasionally_P": 0.0,
  "validation_occasionally_R": 0.0,
  "validation_occasionally_F1": 0.0,
  "validation_seldom_P": 0.0,
  "validation_seldom_R": 0.0,
  "validation_seldom_F1": 0.0,
  "validation_universally_P": 0.0,
  "validation_universally_R": 0.0,
  "validation_universally_F1": 0.0,
  "validation_average_F1": 0.12637143954634666,
  "validation_accuracy": 0.9819277108433735,
  "validation_loss": 0.1152592150969977,
  "best_validation_0_P": 0.9836357235908508,
  "best_validation_0_R": 0.998735785484314,
  "best_validation_0_F1": 0.9911282062530518,
  "best_validation_never_P": 0.3333333432674408,
  "best_validation_never_R": 0.043478261679410934,
  "best_validation_never_F1": 0.07692307978868484,
  "best_validation_always_P": 0.6875,
  "best_validation_always_R": 0.2750000059604645,
  "best_validation_always_F1": 0.392857164144516,
  "best_validation_usually_P": 0.6666666865348816,
  "best_validation_usually_R": 0.0833333358168602,
  "best_validation_usually_F1": 0.14814816415309906,
  "best_validation_often_P": 0.0,
  "best_validation_often_R": 0.0,
  "best_validation_often_F1": 0.0,
  "best_validation_sometimes_P": 0.0,
  "best_validation_sometimes_R": 0.0,
  "best_validation_sometimes_F1": 0.0,
  "best_validation_frequently_P": 0.0,
  "best_validation_frequently_R": 0.0,
  "best_validation_frequently_F1": 0.0,
  "best_validation_mostly_P": 0.0,
  "best_validation_mostly_R": 0.0,
  "best_validation_mostly_F1": 0.0,
  "best_validation_generally_P": 0.0,
  "best_validation_generally_R": 0.0,
  "best_validation_generally_F1": 0.0,
  "best_validation_occasionally_P": 0.0,
  "best_validation_occasionally_R": 0.0,
  "best_validation_occasionally_F1": 0.0,
  "best_validation_seldom_P": 0.0,
  "best_validation_seldom_R": 0.0,
  "best_validation_seldom_F1": 0.0,
  "best_validation_universally_P": 0.0,
  "best_validation_universally_R": 0.0,
  "best_validation_universally_F1": 0.0,
  "best_validation_average_F1": 0.13408805119494596,
  "best_validation_accuracy": 0.9822820694542878,
  "best_validation_loss": 0.09780136650868376
}