{
  "best_epoch": 4,
  "peak_worker_0_memory_MB": 917.59375,
  "training_duration": "0:33:20.864468",
  "training_start_epoch": 0,
  "training_epochs": 10,
  "epoch": 10,
  "training_0_P": 0.9871875643730164,
  "training_0_R": 0.9936891794204712,
  "training_0_F1": 0.9904277324676514,
  "training_never_P": 0.6394230723381042,
  "training_never_R": 0.4691357910633087,
  "training_never_F1": 0.5412003993988037,
  "training_always_P": 0.6033333539962769,
  "training_always_R": 0.42191141843795776,
  "training_always_F1": 0.4965706765651703,
  "training_usually_P": 0.6019417643547058,
  "training_usually_R": 0.4161073863506317,
  "training_usually_F1": 0.4920635521411896,
  "training_often_P": 0.5876288414001465,
  "training_often_R": 0.5089285969734192,
  "training_often_F1": 0.5454545617103577,
  "training_sometimes_P": 0.5945945978164673,
  "training_sometimes_R": 0.41904762387275696,
  "training_sometimes_F1": 0.49162012338638306,
  "training_frequently_P": 0.5833333134651184,
  "training_frequently_R": 0.5,
  "training_frequently_F1": 0.5384615659713745,
  "training_mostly_P": 0.6129032373428345,
  "training_mostly_R": 0.5135135054588318,
  "training_mostly_F1": 0.5588235855102539,
  "training_generally_P": 0.5416666865348816,
  "training_generally_R": 0.5416666865348816,
  "training_generally_F1": 0.5416666865348816,
  "training_occasionally_P": 0.699999988079071,
  "training_occasionally_R": 0.5384615659713745,
  "training_occasionally_F1": 0.6086956858634949,
  "training_seldom_P": 0.7777777910232544,
  "training_seldom_R": 0.7777777910232544,
  "training_seldom_F1": 0.7777777314186096,
  "training_universally_P": 0.8333333134651184,
  "training_universally_R": 0.8333333134651184,
  "training_universally_F1": 0.8333333134651184,
  "training_average_F1": 0.6180079678694407,
  "training_accuracy": 0.9804760227444271,
  "training_loss": 0.04566853853194601,
  "training_worker_0_memory_MB": 917.59375,
  "validation_0_P": 0.9853492975234985,
  "validation_0_R": 0.9960267543792725,
  "validation_0_F1": 0.9906592965126038,
  "validation_never_P": 0.0,
  "validation_never_R": 0.0,
  "validation_never_F1": 0.0,
  "validation_always_P": 0.41860464215278625,
  "validation_always_R": 0.44999998807907104,
  "validation_always_F1": 0.4337349236011505,
  "validation_usually_P": 0.0,
  "validation_usually_R": 0.0,
  "validation_usually_F1": 0.0,
  "validation_often_P": 0.0,
  "validation_often_R": 0.0,
  "validation_often_F1": 0.0,
  "validation_sometimes_P": 0.0,
  "validation_sometimes_R": 0.0,
  "validation_sometimes_F1": 0.0,
  "validation_frequently_P": 0.0,
  "validation_frequently_R": 0.0,
  "validation_frequently_F1": 0.0,
  "validation_mostly_P": 0.0,
  "validation_mostly_R": 0.0,
  "validation_mostly_F1": 0.0,
  "validation_generally_P": 0.0,
  "validation_generally_R": 0.0,
  "validation_generally_F1": 0.0,
  "validation_occasionally_P": 0.0,
  "validation_occasionally_R": 0.0,
  "validation_occasionally_F1": 0.0,
  "validation_seldom_P": 0.0,
  "validation_seldom_R": 0.0,
  "validation_seldom_F1": 0.0,
  "validation_universally_P": 0.0,
  "validation_universally_R": 0.0,
  "validation_universally_F1": 0.0,
  "validation_average_F1": 0.11869951834281285,
  "validation_accuracy": 0.9803330970942594,
  "validation_loss": 0.10460650539762285,
  "best_validation_0_P": 0.9836357235908508,
  "best_validation_0_R": 0.998735785484314,
  "best_validation_0_F1": 0.9911282062530518,
  "best_validation_never_P": 0.3333333432674408,
  "best_validation_never_R": 0.043478261679410934,
  "best_validation_never_F1": 0.07692307978868484,
  "best_validation_always_P": 0.6875,
  "best_validation_always_R": 0.2750000059604645,
  "best_validation_always_F1": 0.392857164144516,
  "best_validation_usually_P": 0.6666666865348816,
  "best_validation_usually_R": 0.0833333358168602,
  "best_validation_usually_F1": 0.14814816415309906,
  "best_validation_often_P": 0.0,
  "best_validation_often_R": 0.0,
  "best_validation_often_F1": 0.0,
  "best_validation_sometimes_P": 0.0,
  "best_validation_sometimes_R": 0.0,
  "best_validation_sometimes_F1": 0.0,
  "best_validation_frequently_P": 0.0,
  "best_validation_frequently_R": 0.0,
  "best_validation_frequently_F1": 0.0,
  "best_validation_mostly_P": 0.0,
  "best_validation_mostly_R": 0.0,
  "best_validation_mostly_F1": 0.0,
  "best_validation_generally_P": 0.0,
  "best_validation_generally_R": 0.0,
  "best_validation_generally_F1": 0.0,
  "best_validation_occasionally_P": 0.0,
  "best_validation_occasionally_R": 0.0,
  "best_validation_occasionally_F1": 0.0,
  "best_validation_seldom_P": 0.0,
  "best_validation_seldom_R": 0.0,
  "best_validation_seldom_F1": 0.0,
  "best_validation_universally_P": 0.0,
  "best_validation_universally_R": 0.0,
  "best_validation_universally_F1": 0.0,
  "best_validation_average_F1": 0.13408805119494596,
  "best_validation_accuracy": 0.9822820694542878,
  "best_validation_loss": 0.09780136650868376
}