{
  "best_epoch": 1,
  "peak_worker_0_memory_MB": 917.59375,
  "training_duration": "0:05:45.273384",
  "training_start_epoch": 0,
  "training_epochs": 1,
  "epoch": 1,
  "training_0_P": 0.9772314429283142,
  "training_0_R": 0.9985727667808533,
  "training_0_F1": 0.9877868294715881,
  "training_never_P": 0.46341463923454285,
  "training_never_R": 0.06701940298080444,
  "training_never_F1": 0.11710324883460999,
  "training_always_P": 0.4864864945411682,
  "training_always_R": 0.0419580414891243,
  "training_always_F1": 0.07725322246551514,
  "training_usually_P": 0.6470588445663452,
  "training_usually_R": 0.14765100181102753,
  "training_usually_F1": 0.24043715000152588,
  "training_often_P": 0.0714285746216774,
  "training_often_R": 0.008928571827709675,
  "training_often_F1": 0.0158730149269104,
  "training_sometimes_P": 0.6666666865348816,
  "training_sometimes_R": 0.15238095819950104,
  "training_sometimes_F1": 0.24806202948093414,
  "training_frequently_P": 0.0,
  "training_frequently_R": 0.0,
  "training_frequently_F1": 0.0,
  "training_mostly_P": 0.0,
  "training_mostly_R": 0.0,
  "training_mostly_F1": 0.0,
  "training_generally_P": 0.25,
  "training_generally_R": 0.0416666679084301,
  "training_generally_F1": 0.0714285746216774,
  "training_occasionally_P": 0.0,
  "training_occasionally_R": 0.0,
  "training_occasionally_F1": 0.0,
  "training_seldom_P": 0.0,
  "training_seldom_R": 0.0,
  "training_seldom_F1": 0.0,
  "training_universally_P": 0.0,
  "training_universally_R": 0.0,
  "training_universally_F1": 0.0,
  "training_average_F1": 0.14649533915023008,
  "training_accuracy": 0.975645347959543,
  "training_loss": 0.10957452658066247,
  "training_worker_0_memory_MB": 917.59375,
  "validation_0_P": 0.9844920039176941,
  "validation_0_R": 0.9974715709686279,
  "validation_0_F1": 0.9909392595291138,
  "validation_never_P": 0.4117647111415863,
  "validation_never_R": 0.30434781312942505,
  "validation_never_F1": 0.3499999940395355,
  "validation_always_P": 0.6428571343421936,
  "validation_always_R": 0.22499999403953552,
  "validation_always_F1": 0.3333333134651184,
  "validation_usually_P": 0.6666666865348816,
  "validation_usually_R": 0.0833333358168602,
  "validation_usually_F1": 0.14814816415309906,
  "validation_often_P": 0.0,
  "validation_often_R": 0.0,
  "validation_often_F1": 0.0,
  "validation_sometimes_P": 0.0,
  "validation_sometimes_R": 0.0,
  "validation_sometimes_F1": 0.0,
  "validation_frequently_P": 0.0,
  "validation_frequently_R": 0.0,
  "validation_frequently_F1": 0.0,
  "validation_mostly_P": 0.0,
  "validation_mostly_R": 0.0,
  "validation_mostly_F1": 0.0,
  "validation_generally_P": 0.0,
  "validation_generally_R": 0.0,
  "validation_generally_F1": 0.0,
  "validation_occasionally_P": 0.0,
  "validation_occasionally_R": 0.0,
  "validation_occasionally_F1": 0.0,
  "validation_seldom_P": 0.0,
  "validation_seldom_R": 0.0,
  "validation_seldom_F1": 0.0,
  "validation_universally_P": 0.0,
  "validation_universally_R": 0.0,
  "validation_universally_F1": 0.0,
  "validation_average_F1": 0.15186839426557222,
  "validation_accuracy": 0.9817505315379164,
  "validation_loss": 0.11012267181223727,
  "best_validation_0_P": 0.9844920039176941,
  "best_validation_0_R": 0.9974715709686279,
  "best_validation_0_F1": 0.9909392595291138,
  "best_validation_never_P": 0.4117647111415863,
  "best_validation_never_R": 0.30434781312942505,
  "best_validation_never_F1": 0.3499999940395355,
  "best_validation_always_P": 0.6428571343421936,
  "best_validation_always_R": 0.22499999403953552,
  "best_validation_always_F1": 0.3333333134651184,
  "best_validation_usually_P": 0.6666666865348816,
  "best_validation_usually_R": 0.0833333358168602,
  "best_validation_usually_F1": 0.14814816415309906,
  "best_validation_often_P": 0.0,
  "best_validation_often_R": 0.0,
  "best_validation_often_F1": 0.0,
  "best_validation_sometimes_P": 0.0,
  "best_validation_sometimes_R": 0.0,
  "best_validation_sometimes_F1": 0.0,
  "best_validation_frequently_P": 0.0,
  "best_validation_frequently_R": 0.0,
  "best_validation_frequently_F1": 0.0,
  "best_validation_mostly_P": 0.0,
  "best_validation_mostly_R": 0.0,
  "best_validation_mostly_F1": 0.0,
  "best_validation_generally_P": 0.0,
  "best_validation_generally_R": 0.0,
  "best_validation_generally_F1": 0.0,
  "best_validation_occasionally_P": 0.0,
  "best_validation_occasionally_R": 0.0,
  "best_validation_occasionally_F1": 0.0,
  "best_validation_seldom_P": 0.0,
  "best_validation_seldom_R": 0.0,
  "best_validation_seldom_F1": 0.0,
  "best_validation_universally_P": 0.0,
  "best_validation_universally_R": 0.0,
  "best_validation_universally_F1": 0.0,
  "best_validation_average_F1": 0.15186839426557222,
  "best_validation_accuracy": 0.9817505315379164,
  "best_validation_loss": 0.11012267181223727
}