{
  "best_epoch": 4,
  "peak_worker_0_memory_MB": 917.59375,
  "training_duration": "0:20:50.954369",
  "training_start_epoch": 0,
  "training_epochs": 6,
  "epoch": 6,
  "training_0_P": 0.9856833219528198,
  "training_0_R": 0.9932936429977417,
  "training_0_F1": 0.9894738793373108,
  "training_never_P": 0.5990098714828491,
  "training_never_R": 0.4268077611923218,
  "training_never_F1": 0.4984551668167114,
  "training_always_P": 0.5483871102333069,
  "training_always_R": 0.35664334893226624,
  "training_always_F1": 0.43220338225364685,
  "training_usually_P": 0.569767415523529,
  "training_usually_R": 0.3288590610027313,
  "training_usually_F1": 0.4170212745666504,
  "training_often_P": 0.49074074625968933,
  "training_often_R": 0.4732142984867096,
  "training_often_F1": 0.48181819915771484,
  "training_sometimes_P": 0.578125,
  "training_sometimes_R": 0.3523809611797333,
  "training_sometimes_F1": 0.4378698170185089,
  "training_frequently_P": 0.3333333432674408,
  "training_frequently_R": 0.2142857164144516,
  "training_frequently_F1": 0.2608695924282074,
  "training_mostly_P": 0.517241358757019,
  "training_mostly_R": 0.4054054021835327,
  "training_mostly_F1": 0.4545454680919647,
  "training_generally_P": 0.5882353186607361,
  "training_generally_R": 0.4166666567325592,
  "training_generally_F1": 0.4878048598766327,
  "training_occasionally_P": 0.5,
  "training_occasionally_R": 0.3076923191547394,
  "training_occasionally_F1": 0.3809524178504944,
  "training_seldom_P": 1.0,
  "training_seldom_R": 0.7777777910232544,
  "training_seldom_F1": 0.875,
  "training_universally_P": 1.0,
  "training_universally_R": 0.8333333134651184,
  "training_universally_F1": 0.9090909361839294,
  "training_average_F1": 0.552092082798481,
  "training_accuracy": 0.9785806538184136,
  "training_loss": 0.05172180181577839,
  "training_worker_0_memory_MB": 917.59375,
  "validation_0_P": 0.9850320816040039,
  "validation_0_R": 0.9983745813369751,
  "validation_0_F1": 0.9916584491729736,
  "validation_never_P": 1.0,
  "validation_never_R": 0.043478261679410934,
  "validation_never_F1": 0.0833333358168602,
  "validation_always_P": 0.6666666865348816,
  "validation_always_R": 0.44999998807907104,
  "validation_always_F1": 0.5373134613037109,
  "validation_usually_P": 0.6666666865348816,
  "validation_usually_R": 0.0833333358168602,
  "validation_usually_F1": 0.14814816415309906,
  "validation_often_P": 1.0,
  "validation_often_R": 0.20000000298023224,
  "validation_often_F1": 0.3333333134651184,
  "validation_sometimes_P": 0.0,
  "validation_sometimes_R": 0.0,
  "validation_sometimes_F1": 0.0,
  "validation_frequently_P": 0.0,
  "validation_frequently_R": 0.0,
  "validation_frequently_F1": 0.0,
  "validation_mostly_P": 0.0,
  "validation_mostly_R": 0.0,
  "validation_mostly_F1": 0.0,
  "validation_generally_P": 0.0,
  "validation_generally_R": 0.0,
  "validation_generally_F1": 0.0,
  "validation_occasionally_P": 0.0,
  "validation_occasionally_R": 0.0,
  "validation_occasionally_F1": 0.0,
  "validation_seldom_P": 0.0,
  "validation_seldom_R": 0.0,
  "validation_seldom_F1": 0.0,
  "validation_universally_P": 0.0,
  "validation_universally_R": 0.0,
  "validation_universally_F1": 0.0,
  "validation_average_F1": 0.17448222699264684,
  "validation_accuracy": 0.9833451452870304,
  "validation_loss": 0.1015434194594291,
  "best_validation_0_P": 0.9836357235908508,
  "best_validation_0_R": 0.998735785484314,
  "best_validation_0_F1": 0.9911282062530518,
  "best_validation_never_P": 0.3333333432674408,
  "best_validation_never_R": 0.043478261679410934,
  "best_validation_never_F1": 0.07692307978868484,
  "best_validation_always_P": 0.6875,
  "best_validation_always_R": 0.2750000059604645,
  "best_validation_always_F1": 0.392857164144516,
  "best_validation_usually_P": 0.6666666865348816,
  "best_validation_usually_R": 0.0833333358168602,
  "best_validation_usually_F1": 0.14814816415309906,
  "best_validation_often_P": 0.0,
  "best_validation_often_R": 0.0,
  "best_validation_often_F1": 0.0,
  "best_validation_sometimes_P": 0.0,
  "best_validation_sometimes_R": 0.0,
  "best_validation_sometimes_F1": 0.0,
  "best_validation_frequently_P": 0.0,
  "best_validation_frequently_R": 0.0,
  "best_validation_frequently_F1": 0.0,
  "best_validation_mostly_P": 0.0,
  "best_validation_mostly_R": 0.0,
  "best_validation_mostly_F1": 0.0,
  "best_validation_generally_P": 0.0,
  "best_validation_generally_R": 0.0,
  "best_validation_generally_F1": 0.0,
  "best_validation_occasionally_P": 0.0,
  "best_validation_occasionally_R": 0.0,
  "best_validation_occasionally_F1": 0.0,
  "best_validation_seldom_P": 0.0,
  "best_validation_seldom_R": 0.0,
  "best_validation_seldom_F1": 0.0,
  "best_validation_universally_P": 0.0,
  "best_validation_universally_R": 0.0,
  "best_validation_universally_F1": 0.0,
  "best_validation_average_F1": 0.13408805119494596,
  "best_validation_accuracy": 0.9822820694542878,
  "best_validation_loss": 0.09780136650868376
}