{
  "best_epoch": 4,
  "peak_worker_0_memory_MB": 917.59375,
  "training_duration": "0:45:41.452280",
  "training_start_epoch": 0,
  "training_epochs": 14,
  "epoch": 14,
  "training_0_P": 0.9874098896980286,
  "training_0_R": 0.993929922580719,
  "training_0_F1": 0.9906591773033142,
  "training_never_P": 0.6715686321258545,
  "training_never_R": 0.4832451641559601,
  "training_never_F1": 0.5620512962341309,
  "training_always_P": 0.6040268540382385,
  "training_always_R": 0.4195804297924042,
  "training_always_F1": 0.4951857328414917,
  "training_usually_P": 0.6407766938209534,
  "training_usually_R": 0.4429530203342438,
  "training_usually_F1": 0.523809552192688,
  "training_often_P": 0.5263158082962036,
  "training_often_R": 0.4464285671710968,
  "training_often_F1": 0.4830918312072754,
  "training_sometimes_P": 0.6265060305595398,
  "training_sometimes_R": 0.4952380955219269,
  "training_sometimes_F1": 0.5531914830207825,
  "training_frequently_P": 0.5,
  "training_frequently_R": 0.5,
  "training_frequently_F1": 0.5,
  "training_mostly_P": 0.6470588445663452,
  "training_mostly_R": 0.5945945978164673,
  "training_mostly_F1": 0.6197183132171631,
  "training_generally_P": 0.5416666865348816,
  "training_generally_R": 0.5416666865348816,
  "training_generally_F1": 0.5416666865348816,
  "training_occasionally_P": 0.625,
  "training_occasionally_R": 0.38461539149284363,
  "training_occasionally_F1": 0.4761904776096344,
  "training_seldom_P": 0.8888888955116272,
  "training_seldom_R": 0.8888888955116272,
  "training_seldom_F1": 0.8888888955116272,
  "training_universally_P": 0.800000011920929,
  "training_universally_R": 0.6666666865348816,
  "training_universally_F1": 0.7272727489471436,
  "training_average_F1": 0.6134771828850111,
  "training_accuracy": 0.98092889850551,
  "training_loss": 0.042785621697990946,
  "training_worker_0_memory_MB": 917.59375,
  "validation_0_P": 0.9824249744415283,
  "validation_0_R": 0.9994581937789917,
  "validation_0_F1": 0.9908683896064758,
  "validation_never_P": 0.0,
  "validation_never_R": 0.0,
  "validation_never_F1": 0.0,
  "validation_always_P": 0.6363636255264282,
  "validation_always_R": 0.17499999701976776,
  "validation_always_F1": 0.2745097875595093,
  "validation_usually_P": 0.0,
  "validation_usually_R": 0.0,
  "validation_usually_F1": 0.0,
  "validation_often_P": 0.0,
  "validation_often_R": 0.0,
  "validation_often_F1": 0.0,
  "validation_sometimes_P": 0.0,
  "validation_sometimes_R": 0.0,
  "validation_sometimes_F1": 0.0,
  "validation_frequently_P": 0.0,
  "validation_frequently_R": 0.0,
  "validation_frequently_F1": 0.0,
  "validation_mostly_P": 0.0,
  "validation_mostly_R": 0.0,
  "validation_mostly_F1": 0.0,
  "validation_generally_P": 0.0,
  "validation_generally_R": 0.0,
  "validation_generally_F1": 0.0,
  "validation_occasionally_P": 0.0,
  "validation_occasionally_R": 0.0,
  "validation_occasionally_F1": 0.0,
  "validation_seldom_P": 0.0,
  "validation_seldom_R": 0.0,
  "validation_seldom_F1": 0.0,
  "validation_universally_P": 0.0,
  "validation_universally_R": 0.0,
  "validation_universally_F1": 0.0,
  "validation_average_F1": 0.10544818143049876,
  "validation_accuracy": 0.9817505315379164,
  "validation_loss": 0.12864935994215076,
  "best_validation_0_P": 0.9836357235908508,
  "best_validation_0_R": 0.998735785484314,
  "best_validation_0_F1": 0.9911282062530518,
  "best_validation_never_P": 0.3333333432674408,
  "best_validation_never_R": 0.043478261679410934,
  "best_validation_never_F1": 0.07692307978868484,
  "best_validation_always_P": 0.6875,
  "best_validation_always_R": 0.2750000059604645,
  "best_validation_always_F1": 0.392857164144516,
  "best_validation_usually_P": 0.6666666865348816,
  "best_validation_usually_R": 0.0833333358168602,
  "best_validation_usually_F1": 0.14814816415309906,
  "best_validation_often_P": 0.0,
  "best_validation_often_R": 0.0,
  "best_validation_often_F1": 0.0,
  "best_validation_sometimes_P": 0.0,
  "best_validation_sometimes_R": 0.0,
  "best_validation_sometimes_F1": 0.0,
  "best_validation_frequently_P": 0.0,
  "best_validation_frequently_R": 0.0,
  "best_validation_frequently_F1": 0.0,
  "best_validation_mostly_P": 0.0,
  "best_validation_mostly_R": 0.0,
  "best_validation_mostly_F1": 0.0,
  "best_validation_generally_P": 0.0,
  "best_validation_generally_R": 0.0,
  "best_validation_generally_F1": 0.0,
  "best_validation_occasionally_P": 0.0,
  "best_validation_occasionally_R": 0.0,
  "best_validation_occasionally_F1": 0.0,
  "best_validation_seldom_P": 0.0,
  "best_validation_seldom_R": 0.0,
  "best_validation_seldom_F1": 0.0,
  "best_validation_universally_P": 0.0,
  "best_validation_universally_R": 0.0,
  "best_validation_universally_F1": 0.0,
  "best_validation_average_F1": 0.13408805119494596,
  "best_validation_accuracy": 0.9822820694542878,
  "best_validation_loss": 0.09780136650868376
}