{
  "best_epoch": 4,
  "peak_worker_0_memory_MB": 917.59375,
  "training_duration": "0:30:17.276730",
  "training_start_epoch": 0,
  "training_epochs": 9,
  "epoch": 9,
  "training_0_P": 0.9872498512268066,
  "training_0_R": 0.9932764768600464,
  "training_0_F1": 0.9902539849281311,
  "training_never_P": 0.6438679099082947,
  "training_never_R": 0.48148149251937866,
  "training_never_F1": 0.5509586334228516,
  "training_always_P": 0.5899053812026978,
  "training_always_R": 0.43589743971824646,
  "training_always_F1": 0.5013405084609985,
  "training_usually_P": 0.5714285969734192,
  "training_usually_R": 0.4026845693588257,
  "training_usually_F1": 0.4724409580230713,
  "training_often_P": 0.5412843823432922,
  "training_often_R": 0.5267857313156128,
  "training_often_F1": 0.533936619758606,
  "training_sometimes_P": 0.6231883764266968,
  "training_sometimes_R": 0.4095238149166107,
  "training_sometimes_F1": 0.49425286054611206,
  "training_frequently_P": 0.5,
  "training_frequently_R": 0.6428571343421936,
  "training_frequently_F1": 0.5625,
  "training_mostly_P": 0.517241358757019,
  "training_mostly_R": 0.4054054021835327,
  "training_mostly_F1": 0.4545454680919647,
  "training_generally_P": 0.5555555820465088,
  "training_generally_R": 0.4166666567325592,
  "training_generally_F1": 0.4761905074119568,
  "training_occasionally_P": 0.5,
  "training_occasionally_R": 0.3076923191547394,
  "training_occasionally_F1": 0.3809524178504944,
  "training_seldom_P": 1.0,
  "training_seldom_R": 0.7777777910232544,
  "training_seldom_F1": 0.875,
  "training_universally_P": 0.8333333134651184,
  "training_universally_R": 0.8333333134651184,
  "training_universally_F1": 0.8333333134651184,
  "training_average_F1": 0.5938087726632754,
  "training_accuracy": 0.980140559217699,
  "training_loss": 0.0463650487989732,
  "training_worker_0_memory_MB": 917.59375,
  "validation_0_P": 0.9856604933738708,
  "validation_0_R": 0.9931370615959167,
  "validation_0_F1": 0.989384651184082,
  "validation_never_P": 0.24242424964904785,
  "validation_never_R": 0.3478260934352875,
  "validation_never_F1": 0.2857142686843872,
  "validation_always_P": 0.5517241358757019,
  "validation_always_R": 0.4000000059604645,
  "validation_always_F1": 0.4637680947780609,
  "validation_usually_P": 0.6666666865348816,
  "validation_usually_R": 0.0833333358168602,
  "validation_usually_F1": 0.14814816415309906,
  "validation_often_P": 0.0,
  "validation_often_R": 0.0,
  "validation_often_F1": 0.0,
  "validation_sometimes_P": 0.0,
  "validation_sometimes_R": 0.0,
  "validation_sometimes_F1": 0.0,
  "validation_frequently_P": 0.0,
  "validation_frequently_R": 0.0,
  "validation_frequently_F1": 0.0,
  "validation_mostly_P": 0.0,
  "validation_mostly_R": 0.0,
  "validation_mostly_F1": 0.0,
  "validation_generally_P": 0.0,
  "validation_generally_R": 0.0,
  "validation_generally_F1": 0.0,
  "validation_occasionally_P": 0.0,
  "validation_occasionally_R": 0.0,
  "validation_occasionally_F1": 0.0,
  "validation_seldom_P": 0.0,
  "validation_seldom_R": 0.0,
  "validation_seldom_F1": 0.0,
  "validation_universally_P": 0.0,
  "validation_universally_R": 0.0,
  "validation_universally_F1": 0.0,
  "validation_average_F1": 0.1572512648999691,
  "validation_accuracy": 0.9789156626506024,
  "validation_loss": 0.12597953226934475,
  "best_validation_0_P": 0.9836357235908508,
  "best_validation_0_R": 0.998735785484314,
  "best_validation_0_F1": 0.9911282062530518,
  "best_validation_never_P": 0.3333333432674408,
  "best_validation_never_R": 0.043478261679410934,
  "best_validation_never_F1": 0.07692307978868484,
  "best_validation_always_P": 0.6875,
  "best_validation_always_R": 0.2750000059604645,
  "best_validation_always_F1": 0.392857164144516,
  "best_validation_usually_P": 0.6666666865348816,
  "best_validation_usually_R": 0.0833333358168602,
  "best_validation_usually_F1": 0.14814816415309906,
  "best_validation_often_P": 0.0,
  "best_validation_often_R": 0.0,
  "best_validation_often_F1": 0.0,
  "best_validation_sometimes_P": 0.0,
  "best_validation_sometimes_R": 0.0,
  "best_validation_sometimes_F1": 0.0,
  "best_validation_frequently_P": 0.0,
  "best_validation_frequently_R": 0.0,
  "best_validation_frequently_F1": 0.0,
  "best_validation_mostly_P": 0.0,
  "best_validation_mostly_R": 0.0,
  "best_validation_mostly_F1": 0.0,
  "best_validation_generally_P": 0.0,
  "best_validation_generally_R": 0.0,
  "best_validation_generally_F1": 0.0,
  "best_validation_occasionally_P": 0.0,
  "best_validation_occasionally_R": 0.0,
  "best_validation_occasionally_F1": 0.0,
  "best_validation_seldom_P": 0.0,
  "best_validation_seldom_R": 0.0,
  "best_validation_seldom_F1": 0.0,
  "best_validation_universally_P": 0.0,
  "best_validation_universally_R": 0.0,
  "best_validation_universally_F1": 0.0,
  "best_validation_average_F1": 0.13408805119494596,
  "best_validation_accuracy": 0.9822820694542878,
  "best_validation_loss": 0.09780136650868376
}