{
  "best_epoch": 4,
  "peak_worker_0_memory_MB": 917.59375,
  "training_duration": "0:14:41.025990",
  "training_start_epoch": 0,
  "training_epochs": 4,
  "epoch": 4,
  "training_0_P": 0.9848229289054871,
  "training_0_R": 0.9941878318786621,
  "training_0_F1": 0.9894831776618958,
  "training_never_P": 0.5680628418922424,
  "training_never_R": 0.3827160596847534,
  "training_never_F1": 0.45732352137565613,
  "training_always_P": 0.5362903475761414,
  "training_always_R": 0.31002330780029297,
  "training_always_F1": 0.3929099142551422,
  "training_usually_P": 0.5569620132446289,
  "training_usually_R": 0.29530200362205505,
  "training_usually_F1": 0.38596490025520325,
  "training_often_P": 0.5368421077728271,
  "training_often_R": 0.4553571343421936,
  "training_often_F1": 0.49275362491607666,
  "training_sometimes_P": 0.6140350699424744,
  "training_sometimes_R": 0.3333333432674408,
  "training_sometimes_F1": 0.43209877610206604,
  "training_frequently_P": 0.1428571492433548,
  "training_frequently_R": 0.0714285746216774,
  "training_frequently_F1": 0.095238097012043,
  "training_mostly_P": 0.6000000238418579,
  "training_mostly_R": 0.2432432472705841,
  "training_mostly_F1": 0.3461538553237915,
  "training_generally_P": 0.6153846383094788,
  "training_generally_R": 0.3333333432674408,
  "training_generally_F1": 0.43243247270584106,
  "training_occasionally_P": 0.20000000298023224,
  "training_occasionally_R": 0.07692307978868484,
  "training_occasionally_F1": 0.1111111119389534,
  "training_seldom_P": 1.0,
  "training_seldom_R": 0.6666666865348816,
  "training_seldom_F1": 0.800000011920929,
  "training_universally_P": 1.0,
  "training_universally_R": 0.8333333134651184,
  "training_universally_F1": 0.9090909361839294,
  "training_average_F1": 0.4870466999709606,
  "training_accuracy": 0.9783122829970311,
  "training_loss": 0.05878415768842948,
  "training_worker_0_memory_MB": 917.59375,
  "validation_0_P": 0.9836357235908508,
  "validation_0_R": 0.998735785484314,
  "validation_0_F1": 0.9911282062530518,
  "validation_never_P": 0.3333333432674408,
  "validation_never_R": 0.043478261679410934,
  "validation_never_F1": 0.07692307978868484,
  "validation_always_P": 0.6875,
  "validation_always_R": 0.2750000059604645,
  "validation_always_F1": 0.392857164144516,
  "validation_usually_P": 0.6666666865348816,
  "validation_usually_R": 0.0833333358168602,
  "validation_usually_F1": 0.14814816415309906,
  "validation_often_P": 0.0,
  "validation_often_R": 0.0,
  "validation_often_F1": 0.0,
  "validation_sometimes_P": 0.0,
  "validation_sometimes_R": 0.0,
  "validation_sometimes_F1": 0.0,
  "validation_frequently_P": 0.0,
  "validation_frequently_R": 0.0,
  "validation_frequently_F1": 0.0,
  "validation_mostly_P": 0.0,
  "validation_mostly_R": 0.0,
  "validation_mostly_F1": 0.0,
  "validation_generally_P": 0.0,
  "validation_generally_R": 0.0,
  "validation_generally_F1": 0.0,
  "validation_occasionally_P": 0.0,
  "validation_occasionally_R": 0.0,
  "validation_occasionally_F1": 0.0,
  "validation_seldom_P": 0.0,
  "validation_seldom_R": 0.0,
  "validation_seldom_F1": 0.0,
  "validation_universally_P": 0.0,
  "validation_universally_R": 0.0,
  "validation_universally_F1": 0.0,
  "validation_average_F1": 0.13408805119494596,
  "validation_accuracy": 0.9822820694542878,
  "validation_loss": 0.09780136650868376,
  "best_validation_0_P": 0.9836357235908508,
  "best_validation_0_R": 0.998735785484314,
  "best_validation_0_F1": 0.9911282062530518,
  "best_validation_never_P": 0.3333333432674408,
  "best_validation_never_R": 0.043478261679410934,
  "best_validation_never_F1": 0.07692307978868484,
  "best_validation_always_P": 0.6875,
  "best_validation_always_R": 0.2750000059604645,
  "best_validation_always_F1": 0.392857164144516,
  "best_validation_usually_P": 0.6666666865348816,
  "best_validation_usually_R": 0.0833333358168602,
  "best_validation_usually_F1": 0.14814816415309906,
  "best_validation_often_P": 0.0,
  "best_validation_often_R": 0.0,
  "best_validation_often_F1": 0.0,
  "best_validation_sometimes_P": 0.0,
  "best_validation_sometimes_R": 0.0,
  "best_validation_sometimes_F1": 0.0,
  "best_validation_frequently_P": 0.0,
  "best_validation_frequently_R": 0.0,
  "best_validation_frequently_F1": 0.0,
  "best_validation_mostly_P": 0.0,
  "best_validation_mostly_R": 0.0,
  "best_validation_mostly_F1": 0.0,
  "best_validation_generally_P": 0.0,
  "best_validation_generally_R": 0.0,
  "best_validation_generally_F1": 0.0,
  "best_validation_occasionally_P": 0.0,
  "best_validation_occasionally_R": 0.0,
  "best_validation_occasionally_F1": 0.0,
  "best_validation_seldom_P": 0.0,
  "best_validation_seldom_R": 0.0,
  "best_validation_seldom_F1": 0.0,
  "best_validation_universally_P": 0.0,
  "best_validation_universally_R": 0.0,
  "best_validation_universally_F1": 0.0,
  "best_validation_average_F1": 0.13408805119494596,
  "best_validation_accuracy": 0.9822820694542878,
  "best_validation_loss": 0.09780136650868376
}