{
  "best_epoch": 4,
  "peak_worker_0_memory_MB": 917.59375,
  "training_duration": "0:39:28.049430",
  "training_start_epoch": 0,
  "training_epochs": 12,
  "epoch": 12,
  "training_0_P": 0.9876402020454407,
  "training_0_R": 0.9934484362602234,
  "training_0_F1": 0.9905358552932739,
  "training_never_P": 0.6729411482810974,
  "training_never_R": 0.5044091939926147,
  "training_never_F1": 0.5766129493713379,
  "training_always_P": 0.5755627155303955,
  "training_always_R": 0.4172494113445282,
  "training_always_F1": 0.4837837815284729,
  "training_usually_P": 0.6239316463470459,
  "training_usually_R": 0.4899328947067261,
  "training_usually_F1": 0.548872172832489,
  "training_often_P": 0.567307710647583,
  "training_often_R": 0.5267857313156128,
  "training_often_F1": 0.5462962985038757,
  "training_sometimes_P": 0.637499988079071,
  "training_sometimes_R": 0.48571428656578064,
  "training_sometimes_F1": 0.5513513684272766,
  "training_frequently_P": 0.5,
  "training_frequently_R": 0.5,
  "training_frequently_F1": 0.5,
  "training_mostly_P": 0.48275861144065857,
  "training_mostly_R": 0.37837839126586914,
  "training_mostly_F1": 0.42424240708351135,
  "training_generally_P": 0.529411792755127,
  "training_generally_R": 0.375,
  "training_generally_F1": 0.4390243887901306,
  "training_occasionally_P": 0.6363636255264282,
  "training_occasionally_R": 0.5384615659713745,
  "training_occasionally_F1": 0.5833333730697632,
  "training_seldom_P": 0.8888888955116272,
  "training_seldom_R": 0.8888888955116272,
  "training_seldom_F1": 0.8888888955116272,
  "training_universally_P": 0.8333333134651184,
  "training_universally_R": 0.8333333134651184,
  "training_universally_F1": 0.8333333134651184,
  "training_average_F1": 0.6138562336564064,
  "training_accuracy": 0.9807443935658096,
  "training_loss": 0.04427713013775222,
  "training_worker_0_memory_MB": 917.59375,
  "validation_0_P": 0.9855228066444397,
  "validation_0_R": 0.995846152305603,
  "validation_0_F1": 0.9906575679779053,
  "validation_never_P": 0.3333333432674408,
  "validation_never_R": 0.043478261679410934,
  "validation_never_F1": 0.07692307978868484,
  "validation_always_P": 0.3870967626571655,
  "validation_always_R": 0.30000001192092896,
  "validation_always_F1": 0.3380281627178192,
  "validation_usually_P": 0.6666666865348816,
  "validation_usually_R": 0.0833333358168602,
  "validation_usually_F1": 0.14814816415309906,
  "validation_often_P": 0.0,
  "validation_often_R": 0.0,
  "validation_often_F1": 0.0,
  "validation_sometimes_P": 0.0,
  "validation_sometimes_R": 0.0,
  "validation_sometimes_F1": 0.0,
  "validation_frequently_P": 0.0,
  "validation_frequently_R": 0.0,
  "validation_frequently_F1": 0.0,
  "validation_mostly_P": 0.0,
  "validation_mostly_R": 0.0,
  "validation_mostly_F1": 0.0,
  "validation_generally_P": 0.0,
  "validation_generally_R": 0.0,
  "validation_generally_F1": 0.0,
  "validation_occasionally_P": 0.0,
  "validation_occasionally_R": 0.0,
  "validation_occasionally_F1": 0.0,
  "validation_seldom_P": 0.0,
  "validation_seldom_R": 0.0,
  "validation_seldom_F1": 0.0,
  "validation_universally_P": 0.0,
  "validation_universally_R": 0.0,
  "validation_universally_F1": 0.0,
  "validation_average_F1": 0.12947974788645902,
  "validation_accuracy": 0.9796243798724309,
  "validation_loss": 0.11680549913671605,
  "best_validation_0_P": 0.9836357235908508,
  "best_validation_0_R": 0.998735785484314,
  "best_validation_0_F1": 0.9911282062530518,
  "best_validation_never_P": 0.3333333432674408,
  "best_validation_never_R": 0.043478261679410934,
  "best_validation_never_F1": 0.07692307978868484,
  "best_validation_always_P": 0.6875,
  "best_validation_always_R": 0.2750000059604645,
  "best_validation_always_F1": 0.392857164144516,
  "best_validation_usually_P": 0.6666666865348816,
  "best_validation_usually_R": 0.0833333358168602,
  "best_validation_usually_F1": 0.14814816415309906,
  "best_validation_often_P": 0.0,
  "best_validation_often_R": 0.0,
  "best_validation_often_F1": 0.0,
  "best_validation_sometimes_P": 0.0,
  "best_validation_sometimes_R": 0.0,
  "best_validation_sometimes_F1": 0.0,
  "best_validation_frequently_P": 0.0,
  "best_validation_frequently_R": 0.0,
  "best_validation_frequently_F1": 0.0,
  "best_validation_mostly_P": 0.0,
  "best_validation_mostly_R": 0.0,
  "best_validation_mostly_F1": 0.0,
  "best_validation_generally_P": 0.0,
  "best_validation_generally_R": 0.0,
  "best_validation_generally_F1": 0.0,
  "best_validation_occasionally_P": 0.0,
  "best_validation_occasionally_R": 0.0,
  "best_validation_occasionally_F1": 0.0,
  "best_validation_seldom_P": 0.0,
  "best_validation_seldom_R": 0.0,
  "best_validation_seldom_F1": 0.0,
  "best_validation_universally_P": 0.0,
  "best_validation_universally_R": 0.0,
  "best_validation_universally_F1": 0.0,
  "best_validation_average_F1": 0.13408805119494596,
  "best_validation_accuracy": 0.9822820694542878,
  "best_validation_loss": 0.09780136650868376
}