{
  "best_epoch": 4,
  "peak_worker_0_memory_MB": 917.59375,
  "training_duration": "0:27:14.216727",
  "training_start_epoch": 0,
  "training_epochs": 8,
  "epoch": 8,
  "training_0_P": 0.9867135882377625,
  "training_0_R": 0.9935343861579895,
  "training_0_F1": 0.9901122450828552,
  "training_never_P": 0.654411792755127,
  "training_never_R": 0.47089946269989014,
  "training_never_F1": 0.5476922988891602,
  "training_always_P": 0.5587301850318909,
  "training_always_R": 0.41025641560554504,
  "training_always_F1": 0.47311827540397644,
  "training_usually_P": 0.5670102834701538,
  "training_usually_R": 0.3691275119781494,
  "training_usually_F1": 0.4471544623374939,
  "training_often_P": 0.4803921580314636,
  "training_often_R": 0.4375,
  "training_often_F1": 0.4579439163208008,
  "training_sometimes_P": 0.6716417670249939,
  "training_sometimes_R": 0.4285714328289032,
  "training_sometimes_F1": 0.5232558250427246,
  "training_frequently_P": 0.375,
  "training_frequently_R": 0.2142857164144516,
  "training_frequently_F1": 0.27272725105285645,
  "training_mostly_P": 0.523809552192688,
  "training_mostly_R": 0.29729729890823364,
  "training_mostly_F1": 0.37931033968925476,
  "training_generally_P": 0.5625,
  "training_generally_R": 0.375,
  "training_generally_F1": 0.44999998807907104,
  "training_occasionally_P": 0.5384615659713745,
  "training_occasionally_R": 0.5384615659713745,
  "training_occasionally_F1": 0.5384615659713745,
  "training_seldom_P": 0.800000011920929,
  "training_seldom_R": 0.8888888955116272,
  "training_seldom_F1": 0.8421052694320679,
  "training_universally_P": 0.8333333134651184,
  "training_universally_R": 0.8333333134651184,
  "training_universally_F1": 0.8333333134651184,
  "training_average_F1": 0.5629345625638962,
  "training_accuracy": 0.9797715493382982,
  "training_loss": 0.047674572900384134,
  "training_worker_0_memory_MB": 917.59375,
  "validation_0_P": 0.9855149984359741,
  "validation_0_R": 0.9953043460845947,
  "validation_0_F1": 0.9903854727745056,
  "validation_never_P": 0.3333333432674408,
  "validation_never_R": 0.3478260934352875,
  "validation_never_F1": 0.3404255211353302,
  "validation_always_P": 0.5714285969734192,
  "validation_always_R": 0.4000000059604645,
  "validation_always_F1": 0.47058823704719543,
  "validation_usually_P": 0.0,
  "validation_usually_R": 0.0,
  "validation_usually_F1": 0.0,
  "validation_often_P": 0.0,
  "validation_often_R": 0.0,
  "validation_often_F1": 0.0,
  "validation_sometimes_P": 0.0,
  "validation_sometimes_R": 0.0,
  "validation_sometimes_F1": 0.0,
  "validation_frequently_P": 0.0,
  "validation_frequently_R": 0.0,
  "validation_frequently_F1": 0.0,
  "validation_mostly_P": 0.0,
  "validation_mostly_R": 0.0,
  "validation_mostly_F1": 0.0,
  "validation_generally_P": 0.0,
  "validation_generally_R": 0.0,
  "validation_generally_F1": 0.0,
  "validation_occasionally_P": 0.0,
  "validation_occasionally_R": 0.0,
  "validation_occasionally_F1": 0.0,
  "validation_seldom_P": 0.0,
  "validation_seldom_R": 0.0,
  "validation_seldom_F1": 0.0,
  "validation_universally_P": 0.0,
  "validation_universally_R": 0.0,
  "validation_universally_F1": 0.0,
  "validation_average_F1": 0.1501166025797526,
  "validation_accuracy": 0.9806874557051737,
  "validation_loss": 0.10957864731898347,
  "best_validation_0_P": 0.9836357235908508,
  "best_validation_0_R": 0.998735785484314,
  "best_validation_0_F1": 0.9911282062530518,
  "best_validation_never_P": 0.3333333432674408,
  "best_validation_never_R": 0.043478261679410934,
  "best_validation_never_F1": 0.07692307978868484,
  "best_validation_always_P": 0.6875,
  "best_validation_always_R": 0.2750000059604645,
  "best_validation_always_F1": 0.392857164144516,
  "best_validation_usually_P": 0.6666666865348816,
  "best_validation_usually_R": 0.0833333358168602,
  "best_validation_usually_F1": 0.14814816415309906,
  "best_validation_often_P": 0.0,
  "best_validation_often_R": 0.0,
  "best_validation_often_F1": 0.0,
  "best_validation_sometimes_P": 0.0,
  "best_validation_sometimes_R": 0.0,
  "best_validation_sometimes_F1": 0.0,
  "best_validation_frequently_P": 0.0,
  "best_validation_frequently_R": 0.0,
  "best_validation_frequently_F1": 0.0,
  "best_validation_mostly_P": 0.0,
  "best_validation_mostly_R": 0.0,
  "best_validation_mostly_F1": 0.0,
  "best_validation_generally_P": 0.0,
  "best_validation_generally_R": 0.0,
  "best_validation_generally_F1": 0.0,
  "best_validation_occasionally_P": 0.0,
  "best_validation_occasionally_R": 0.0,
  "best_validation_occasionally_F1": 0.0,
  "best_validation_seldom_P": 0.0,
  "best_validation_seldom_R": 0.0,
  "best_validation_seldom_F1": 0.0,
  "best_validation_universally_P": 0.0,
  "best_validation_universally_R": 0.0,
  "best_validation_universally_F1": 0.0,
  "best_validation_average_F1": 0.13408805119494596,
  "best_validation_accuracy": 0.9822820694542878,
  "best_validation_loss": 0.09780136650868376
}