{
  "best_epoch": 4,
  "peak_worker_0_memory_MB": 917.59375,
  "training_duration": "0:24:09.902306",
  "training_start_epoch": 0,
  "training_epochs": 7,
  "epoch": 7,
  "training_0_P": 0.9864267110824585,
  "training_0_R": 0.9934999942779541,
  "training_0_F1": 0.9899507164955139,
  "training_never_P": 0.643216073513031,
  "training_never_R": 0.4514991044998169,
  "training_never_F1": 0.5305699706077576,
  "training_always_P": 0.5361841917037964,
  "training_always_R": 0.37995338439941406,
  "training_always_F1": 0.44474759697914124,
  "training_usually_P": 0.5714285969734192,
  "training_usually_R": 0.3758389353752136,
  "training_usually_F1": 0.453441321849823,
  "training_often_P": 0.5490196347236633,
  "training_often_R": 0.5,
  "training_often_F1": 0.5233645439147949,
  "training_sometimes_P": 0.5945945978164673,
  "training_sometimes_R": 0.41904762387275696,
  "training_sometimes_F1": 0.49162012338638306,
  "training_frequently_P": 0.5,
  "training_frequently_R": 0.3571428656578064,
  "training_frequently_F1": 0.4166666865348816,
  "training_mostly_P": 0.5600000023841858,
  "training_mostly_R": 0.37837839126586914,
  "training_mostly_F1": 0.4516129195690155,
  "training_generally_P": 0.529411792755127,
  "training_generally_R": 0.375,
  "training_generally_F1": 0.4390243887901306,
  "training_occasionally_P": 0.75,
  "training_occasionally_R": 0.4615384638309479,
  "training_occasionally_F1": 0.5714285969734192,
  "training_seldom_P": 0.875,
  "training_seldom_R": 0.7777777910232544,
  "training_seldom_F1": 0.8235294222831726,
  "training_universally_P": 1.0,
  "training_universally_R": 0.6666666865348816,
  "training_universally_F1": 0.800000011920929,
  "training_average_F1": 0.5779963582754135,
  "training_accuracy": 0.9794864053405793,
  "training_loss": 0.049511314939085754,
  "training_worker_0_memory_MB": 917.59375,
  "validation_0_P": 0.9848322868347168,
  "validation_0_R": 0.9967491626739502,
  "validation_0_F1": 0.9907549023628235,
  "validation_never_P": 0.20000000298023224,
  "validation_never_R": 0.043478261679410934,
  "validation_never_F1": 0.0714285746216774,
  "validation_always_P": 0.4285714328289032,
  "validation_always_R": 0.375,
  "validation_always_F1": 0.3999999761581421,
  "validation_usually_P": 0.0,
  "validation_usually_R": 0.0,
  "validation_usually_F1": 0.0,
  "validation_often_P": 0.0,
  "validation_often_R": 0.0,
  "validation_often_F1": 0.0,
  "validation_sometimes_P": 0.0,
  "validation_sometimes_R": 0.0,
  "validation_sometimes_F1": 0.0,
  "validation_frequently_P": 0.0,
  "validation_frequently_R": 0.0,
  "validation_frequently_F1": 0.0,
  "validation_mostly_P": 0.0,
  "validation_mostly_R": 0.0,
  "validation_mostly_F1": 0.0,
  "validation_generally_P": 0.0,
  "validation_generally_R": 0.0,
  "validation_generally_F1": 0.0,
  "validation_occasionally_P": 0.0,
  "validation_occasionally_R": 0.0,
  "validation_occasionally_F1": 0.0,
  "validation_seldom_P": 0.0,
  "validation_seldom_R": 0.0,
  "validation_seldom_F1": 0.0,
  "validation_universally_P": 0.0,
  "validation_universally_R": 0.0,
  "validation_universally_F1": 0.0,
  "validation_average_F1": 0.12184862109522025,
  "validation_accuracy": 0.9806874557051737,
  "validation_loss": 0.11633424832945333,
  "best_validation_0_P": 0.9836357235908508,
  "best_validation_0_R": 0.998735785484314,
  "best_validation_0_F1": 0.9911282062530518,
  "best_validation_never_P": 0.3333333432674408,
  "best_validation_never_R": 0.043478261679410934,
  "best_validation_never_F1": 0.07692307978868484,
  "best_validation_always_P": 0.6875,
  "best_validation_always_R": 0.2750000059604645,
  "best_validation_always_F1": 0.392857164144516,
  "best_validation_usually_P": 0.6666666865348816,
  "best_validation_usually_R": 0.0833333358168602,
  "best_validation_usually_F1": 0.14814816415309906,
  "best_validation_often_P": 0.0,
  "best_validation_often_R": 0.0,
  "best_validation_often_F1": 0.0,
  "best_validation_sometimes_P": 0.0,
  "best_validation_sometimes_R": 0.0,
  "best_validation_sometimes_F1": 0.0,
  "best_validation_frequently_P": 0.0,
  "best_validation_frequently_R": 0.0,
  "best_validation_frequently_F1": 0.0,
  "best_validation_mostly_P": 0.0,
  "best_validation_mostly_R": 0.0,
  "best_validation_mostly_F1": 0.0,
  "best_validation_generally_P": 0.0,
  "best_validation_generally_R": 0.0,
  "best_validation_generally_F1": 0.0,
  "best_validation_occasionally_P": 0.0,
  "best_validation_occasionally_R": 0.0,
  "best_validation_occasionally_F1": 0.0,
  "best_validation_seldom_P": 0.0,
  "best_validation_seldom_R": 0.0,
  "best_validation_seldom_F1": 0.0,
  "best_validation_universally_P": 0.0,
  "best_validation_universally_R": 0.0,
  "best_validation_universally_F1": 0.0,
  "best_validation_average_F1": 0.13408805119494596,
  "best_validation_accuracy": 0.9822820694542878,
  "best_validation_loss": 0.09780136650868376
}