{
  "best_epoch": 3,
  "peak_worker_0_memory_MB": 917.59375,
  "training_duration": "0:11:42.969361",
  "training_start_epoch": 0,
  "training_epochs": 3,
  "epoch": 3,
  "training_0_P": 0.9831669926643372,
  "training_0_R": 0.9943082332611084,
  "training_0_F1": 0.9887062311172485,
  "training_never_P": 0.5184136033058167,
  "training_never_R": 0.32275131344795227,
  "training_never_F1": 0.39782607555389404,
  "training_always_P": 0.4598214328289032,
  "training_always_R": 0.24009324610233307,
  "training_always_F1": 0.31546708941459656,
  "training_usually_P": 0.6290322542190552,
  "training_usually_R": 0.26174497604370117,
  "training_usually_F1": 0.36966824531555176,
  "training_often_P": 0.4583333432674408,
  "training_often_R": 0.2946428656578064,
  "training_often_F1": 0.3586956858634949,
  "training_sometimes_P": 0.6470588445663452,
  "training_sometimes_R": 0.3142857253551483,
  "training_sometimes_F1": 0.42307692766189575,
  "training_frequently_P": 0.5,
  "training_frequently_R": 0.1428571492433548,
  "training_frequently_F1": 0.222222238779068,
  "training_mostly_P": 0.4166666567325592,
  "training_mostly_R": 0.13513512909412384,
  "training_mostly_F1": 0.20408162474632263,
  "training_generally_P": 0.5384615659713745,
  "training_generally_R": 0.2916666567325592,
  "training_generally_F1": 0.37837839126586914,
  "training_occasionally_P": 0.5,
  "training_occasionally_R": 0.1538461595773697,
  "training_occasionally_F1": 0.2352941334247589,
  "training_seldom_P": 1.0,
  "training_seldom_R": 0.6666666865348816,
  "training_seldom_F1": 0.800000011920929,
  "training_universally_P": 1.0,
  "training_universally_R": 0.8333333134651184,
  "training_universally_F1": 0.9090909361839294,
  "training_average_F1": 0.4668756326039632,
  "training_accuracy": 0.9768865630084369,
  "training_loss": 0.06565264612951177,
  "training_worker_0_memory_MB": 917.59375,
  "validation_0_P": 0.9843109250068665,
  "validation_0_R": 0.9971103668212891,
  "validation_0_F1": 0.9906693696975708,
  "validation_never_P": 0.31578946113586426,
  "validation_never_R": 0.260869562625885,
  "validation_never_F1": 0.2857142686843872,
  "validation_always_P": 0.7692307829856873,
  "validation_always_R": 0.25,
  "validation_always_F1": 0.37735846638679504,
  "validation_usually_P": 0.6666666865348816,
  "validation_usually_R": 0.0833333358168602,
  "validation_usually_F1": 0.14814816415309906,
  "validation_often_P": 0.0,
  "validation_often_R": 0.0,
  "validation_often_F1": 0.0,
  "validation_sometimes_P": 0.0,
  "validation_sometimes_R": 0.0,
  "validation_sometimes_F1": 0.0,
  "validation_frequently_P": 0.0,
  "validation_frequently_R": 0.0,
  "validation_frequently_F1": 0.0,
  "validation_mostly_P": 0.0,
  "validation_mostly_R": 0.0,
  "validation_mostly_F1": 0.0,
  "validation_generally_P": 0.0,
  "validation_generally_R": 0.0,
  "validation_generally_F1": 0.0,
  "validation_occasionally_P": 0.0,
  "validation_occasionally_R": 0.0,
  "validation_occasionally_F1": 0.0,
  "validation_seldom_P": 0.0,
  "validation_seldom_R": 0.0,
  "validation_seldom_F1": 0.0,
  "validation_universally_P": 0.0,
  "validation_universally_R": 0.0,
  "validation_universally_F1": 0.0,
  "validation_average_F1": 0.15015752241015434,
  "validation_accuracy": 0.9813961729270021,
  "validation_loss": 0.09935334820787306,
  "best_validation_0_P": 0.9843109250068665,
  "best_validation_0_R": 0.9971103668212891,
  "best_validation_0_F1": 0.9906693696975708,
  "best_validation_never_P": 0.31578946113586426,
  "best_validation_never_R": 0.260869562625885,
  "best_validation_never_F1": 0.2857142686843872,
  "best_validation_always_P": 0.7692307829856873,
  "best_validation_always_R": 0.25,
  "best_validation_always_F1": 0.37735846638679504,
  "best_validation_usually_P": 0.6666666865348816,
  "best_validation_usually_R": 0.0833333358168602,
  "best_validation_usually_F1": 0.14814816415309906,
  "best_validation_often_P": 0.0,
  "best_validation_often_R": 0.0,
  "best_validation_often_F1": 0.0,
  "best_validation_sometimes_P": 0.0,
  "best_validation_sometimes_R": 0.0,
  "best_validation_sometimes_F1": 0.0,
  "best_validation_frequently_P": 0.0,
  "best_validation_frequently_R": 0.0,
  "best_validation_frequently_F1": 0.0,
  "best_validation_mostly_P": 0.0,
  "best_validation_mostly_R": 0.0,
  "best_validation_mostly_F1": 0.0,
  "best_validation_generally_P": 0.0,
  "best_validation_generally_R": 0.0,
  "best_validation_generally_F1": 0.0,
  "best_validation_occasionally_P": 0.0,
  "best_validation_occasionally_R": 0.0,
  "best_validation_occasionally_F1": 0.0,
  "best_validation_seldom_P": 0.0,
  "best_validation_seldom_R": 0.0,
  "best_validation_seldom_F1": 0.0,
  "best_validation_universally_P": 0.0,
  "best_validation_universally_R": 0.0,
  "best_validation_universally_F1": 0.0,
  "best_validation_average_F1": 0.15015752241015434,
  "best_validation_accuracy": 0.9813961729270021,
  "best_validation_loss": 0.09935334820787306
}