{
  "best_epoch": 2,
  "peak_worker_0_memory_MB": 917.59375,
  "training_duration": "0:08:35.364763",
  "training_start_epoch": 0,
  "training_epochs": 2,
  "epoch": 2,
  "training_0_P": 0.9811602234840393,
  "training_0_R": 0.9958386421203613,
  "training_0_F1": 0.9884449243545532,
  "training_never_P": 0.5323193669319153,
  "training_never_R": 0.2469135820865631,
  "training_never_F1": 0.33734938502311707,
  "training_always_P": 0.4556961953639984,
  "training_always_R": 0.1678321659564972,
  "training_always_F1": 0.24531514942646027,
  "training_usually_P": 0.699999988079071,
  "training_usually_R": 0.23489932715892792,
  "training_usually_F1": 0.35175880789756775,
  "training_often_P": 0.5357142686843872,
  "training_often_R": 0.2678571343421936,
  "training_often_F1": 0.357142835855484,
  "training_sometimes_P": 0.5116279125213623,
  "training_sometimes_R": 0.20952381193637848,
  "training_sometimes_F1": 0.29729729890823364,
  "training_frequently_P": 0.0,
  "training_frequently_R": 0.0,
  "training_frequently_F1": 0.0,
  "training_mostly_P": 0.25,
  "training_mostly_R": 0.027027027681469917,
  "training_mostly_F1": 0.04878048598766327,
  "training_generally_P": 0.5555555820465088,
  "training_generally_R": 0.2083333283662796,
  "training_generally_F1": 0.3030303120613098,
  "training_occasionally_P": 0.0,
  "training_occasionally_R": 0.0,
  "training_occasionally_F1": 0.0,
  "training_seldom_P": 1.0,
  "training_seldom_R": 0.6666666865348816,
  "training_seldom_F1": 0.800000011920929,
  "training_universally_P": 1.0,
  "training_universally_R": 0.6666666865348816,
  "training_universally_F1": 0.800000011920929,
  "training_average_F1": 0.3774266019463539,
  "training_accuracy": 0.9766517385397273,
  "training_loss": 0.07815762416161909,
  "training_worker_0_memory_MB": 917.59375,
  "validation_0_P": 0.9847860932350159,
  "validation_0_R": 0.993678867816925,
  "validation_0_F1": 0.9892124533653259,
  "validation_never_P": 0.3684210479259491,
  "validation_never_R": 0.30434781312942505,
  "validation_never_F1": 0.3333333432674408,
  "validation_always_P": 0.4399999976158142,
  "validation_always_R": 0.2750000059604645,
  "validation_always_F1": 0.3384615182876587,
  "validation_usually_P": 0.6666666865348816,
  "validation_usually_R": 0.0833333358168602,
  "validation_usually_F1": 0.14814816415309906,
  "validation_often_P": 0.0,
  "validation_often_R": 0.0,
  "validation_often_F1": 0.0,
  "validation_sometimes_P": 0.0,
  "validation_sometimes_R": 0.0,
  "validation_sometimes_F1": 0.0,
  "validation_frequently_P": 0.0,
  "validation_frequently_R": 0.0,
  "validation_frequently_F1": 0.0,
  "validation_mostly_P": 0.0,
  "validation_mostly_R": 0.0,
  "validation_mostly_F1": 0.0,
  "validation_generally_P": 0.0,
  "validation_generally_R": 0.0,
  "validation_generally_F1": 0.0,
  "validation_occasionally_P": 0.0,
  "validation_occasionally_R": 0.0,
  "validation_occasionally_F1": 0.0,
  "validation_seldom_P": 0.0,
  "validation_seldom_R": 0.0,
  "validation_seldom_F1": 0.0,
  "validation_universally_P": 0.0,
  "validation_universally_R": 0.0,
  "validation_universally_F1": 0.0,
  "validation_average_F1": 0.15076295658946037,
  "validation_accuracy": 0.9783841247342311,
  "validation_loss": 0.10167992327973514,
  "best_validation_0_P": 0.9847860932350159,
  "best_validation_0_R": 0.993678867816925,
  "best_validation_0_F1": 0.9892124533653259,
  "best_validation_never_P": 0.3684210479259491,
  "best_validation_never_R": 0.30434781312942505,
  "best_validation_never_F1": 0.3333333432674408,
  "best_validation_always_P": 0.4399999976158142,
  "best_validation_always_R": 0.2750000059604645,
  "best_validation_always_F1": 0.3384615182876587,
  "best_validation_usually_P": 0.6666666865348816,
  "best_validation_usually_R": 0.0833333358168602,
  "best_validation_usually_F1": 0.14814816415309906,
  "best_validation_often_P": 0.0,
  "best_validation_often_R": 0.0,
  "best_validation_often_F1": 0.0,
  "best_validation_sometimes_P": 0.0,
  "best_validation_sometimes_R": 0.0,
  "best_validation_sometimes_F1": 0.0,
  "best_validation_frequently_P": 0.0,
  "best_validation_frequently_R": 0.0,
  "best_validation_frequently_F1": 0.0,
  "best_validation_mostly_P": 0.0,
  "best_validation_mostly_R": 0.0,
  "best_validation_mostly_F1": 0.0,
  "best_validation_generally_P": 0.0,
  "best_validation_generally_R": 0.0,
  "best_validation_generally_F1": 0.0,
  "best_validation_occasionally_P": 0.0,
  "best_validation_occasionally_R": 0.0,
  "best_validation_occasionally_F1": 0.0,
  "best_validation_seldom_P": 0.0,
  "best_validation_seldom_R": 0.0,
  "best_validation_seldom_F1": 0.0,
  "best_validation_universally_P": 0.0,
  "best_validation_universally_R": 0.0,
  "best_validation_universally_F1": 0.0,
  "best_validation_average_F1": 0.15076295658946037,
  "best_validation_accuracy": 0.9783841247342311,
  "best_validation_loss": 0.10167992327973514
}