{
  "best_epoch": 4,
  "peak_worker_0_memory_MB": 917.59375,
  "training_duration": "0:17:32.194943",
  "training_start_epoch": 0,
  "training_epochs": 5,
  "epoch": 5,
  "training_0_P": 0.9853816628456116,
  "training_0_R": 0.9933624267578125,
  "training_0_F1": 0.9893559813499451,
  "training_never_P": 0.5670102834701538,
  "training_never_R": 0.3880070447921753,
  "training_never_F1": 0.46073296666145325,
  "training_always_P": 0.5139859914779663,
  "training_always_R": 0.3426573574542999,
  "training_always_F1": 0.41118884086608887,
  "training_usually_P": 0.6136363744735718,
  "training_usually_R": 0.3624161183834076,
  "training_usually_F1": 0.4556961953639984,
  "training_often_P": 0.5899999737739563,
  "training_often_R": 0.5267857313156128,
  "training_often_F1": 0.556603729724884,
  "training_sometimes_P": 0.5492957830429077,
  "training_sometimes_R": 0.37142857909202576,
  "training_sometimes_F1": 0.4431818127632141,
  "training_frequently_P": 0.4285714328289032,
  "training_frequently_R": 0.2142857164144516,
  "training_frequently_F1": 0.2857142984867096,
  "training_mostly_P": 0.52173912525177,
  "training_mostly_R": 0.3243243098258972,
  "training_mostly_F1": 0.4000000059604645,
  "training_generally_P": 0.30000001192092896,
  "training_generally_R": 0.125,
  "training_generally_F1": 0.1764705926179886,
  "training_occasionally_P": 0.3333333432674408,
  "training_occasionally_R": 0.23076923191547394,
  "training_occasionally_F1": 0.27272728085517883,
  "training_seldom_P": 0.875,
  "training_seldom_R": 0.7777777910232544,
  "training_seldom_F1": 0.8235294222831726,
  "training_universally_P": 1.0,
  "training_universally_R": 0.6666666865348816,
  "training_universally_F1": 0.800000011920929,
  "training_average_F1": 0.5062667615711689,
  "training_accuracy": 0.9781948707626763,
  "training_loss": 0.055041396893538486,
  "training_worker_0_memory_MB": 917.59375,
  "validation_0_P": 0.9839572310447693,
  "validation_0_R": 0.9969297647476196,
  "validation_0_F1": 0.990401029586792,
  "validation_never_P": 0.4000000059604645,
  "validation_never_R": 0.08695652335882187,
  "validation_never_F1": 0.1428571492433548,
  "validation_always_P": 0.7777777910232544,
  "validation_always_R": 0.3499999940395355,
  "validation_always_F1": 0.48275861144065857,
  "validation_usually_P": 0.0,
  "validation_usually_R": 0.0,
  "validation_usually_F1": 0.0,
  "validation_often_P": 0.0,
  "validation_often_R": 0.0,
  "validation_often_F1": 0.0,
  "validation_sometimes_P": 0.0,
  "validation_sometimes_R": 0.0,
  "validation_sometimes_F1": 0.0,
  "validation_frequently_P": 0.0,
  "validation_frequently_R": 0.0,
  "validation_frequently_F1": 0.0,
  "validation_mostly_P": 0.0,
  "validation_mostly_R": 0.0,
  "validation_mostly_F1": 0.0,
  "validation_generally_P": 0.0,
  "validation_generally_R": 0.0,
  "validation_generally_F1": 0.0,
  "validation_occasionally_P": 0.0,
  "validation_occasionally_R": 0.0,
  "validation_occasionally_F1": 0.0,
  "validation_seldom_P": 0.0,
  "validation_seldom_R": 0.0,
  "validation_seldom_F1": 0.0,
  "validation_universally_P": 0.0,
  "validation_universally_R": 0.0,
  "validation_universally_F1": 0.0,
  "validation_average_F1": 0.13466806585590044,
  "validation_accuracy": 0.9808646350106307,
  "validation_loss": 0.09931407448353036,
  "best_validation_0_P": 0.9836357235908508,
  "best_validation_0_R": 0.998735785484314,
  "best_validation_0_F1": 0.9911282062530518,
  "best_validation_never_P": 0.3333333432674408,
  "best_validation_never_R": 0.043478261679410934,
  "best_validation_never_F1": 0.07692307978868484,
  "best_validation_always_P": 0.6875,
  "best_validation_always_R": 0.2750000059604645,
  "best_validation_always_F1": 0.392857164144516,
  "best_validation_usually_P": 0.6666666865348816,
  "best_validation_usually_R": 0.0833333358168602,
  "best_validation_usually_F1": 0.14814816415309906,
  "best_validation_often_P": 0.0,
  "best_validation_often_R": 0.0,
  "best_validation_often_F1": 0.0,
  "best_validation_sometimes_P": 0.0,
  "best_validation_sometimes_R": 0.0,
  "best_validation_sometimes_F1": 0.0,
  "best_validation_frequently_P": 0.0,
  "best_validation_frequently_R": 0.0,
  "best_validation_frequently_F1": 0.0,
  "best_validation_mostly_P": 0.0,
  "best_validation_mostly_R": 0.0,
  "best_validation_mostly_F1": 0.0,
  "best_validation_generally_P": 0.0,
  "best_validation_generally_R": 0.0,
  "best_validation_generally_F1": 0.0,
  "best_validation_occasionally_P": 0.0,
  "best_validation_occasionally_R": 0.0,
  "best_validation_occasionally_F1": 0.0,
  "best_validation_seldom_P": 0.0,
  "best_validation_seldom_R": 0.0,
  "best_validation_seldom_F1": 0.0,
  "best_validation_universally_P": 0.0,
  "best_validation_universally_R": 0.0,
  "best_validation_universally_F1": 0.0,
  "best_validation_average_F1": 0.13408805119494596,
  "best_validation_accuracy": 0.9822820694542878,
  "best_validation_loss": 0.09780136650868376
}