{
  "best_epoch": 1,
  "peak_worker_0_memory_MB": 255.8828125,
  "training_duration": "0:00:11.551017",
  "training_start_epoch": 0,
  "training_epochs": 9,
  "epoch": 9,
  "training_never_P": 0.9515570998191833,
  "training_never_R": 0.9700176119804382,
  "training_never_F1": 0.960698664188385,
  "training_always_P": 0.9470046162605286,
  "training_always_R": 0.9580419659614563,
  "training_always_F1": 0.9524913430213928,
  "training_usually_P": 0.9251700639724731,
  "training_usually_R": 0.9127516746520996,
  "training_usually_F1": 0.9189189076423645,
  "training_often_P": 0.9537037014961243,
  "training_often_R": 0.9196428656578064,
  "training_often_F1": 0.9363636374473572,
  "training_sometimes_P": 0.9494949579238892,
  "training_sometimes_R": 0.8952381014823914,
  "training_sometimes_F1": 0.9215686321258545,
  "training_mostly_P": 0.9736841917037964,
  "training_mostly_R": 1.0,
  "training_mostly_F1": 0.9866666793823242,
  "training_frequently_P": 1.0,
  "training_frequently_R": 0.8571428656578064,
  "training_frequently_F1": 0.9230769276618958,
  "training_generally_P": 1.0,
  "training_generally_R": 0.9166666865348816,
  "training_generally_F1": 0.95652174949646,
  "training_occasionally_P": 1.0,
  "training_occasionally_R": 1.0,
  "training_occasionally_F1": 1.0,
  "training_seldom_P": 1.0,
  "training_seldom_R": 0.8888888955116272,
  "training_seldom_F1": 0.9411765336990356,
  "training_universally_P": 1.0,
  "training_universally_R": 1.0,
  "training_universally_F1": 1.0,
  "training_average_F1": 0.95431664315137,
  "training_accuracy": 0.9501706484641638,
  "training_loss": 0.21098657288164102,
  "training_worker_0_memory_MB": 255.8828125,
  "validation_never_P": 0.1818181872367859,
  "validation_never_R": 0.260869562625885,
  "validation_never_F1": 0.2142857164144516,
  "validation_always_P": 0.42222222685813904,
  "validation_always_R": 0.4749999940395355,
  "validation_always_F1": 0.4470587968826294,
  "validation_usually_P": 0.4444444477558136,
  "validation_usually_R": 0.3333333432674408,
  "validation_usually_F1": 0.380952388048172,
  "validation_often_P": 0.0,
  "validation_often_R": 0.0,
  "validation_often_F1": 0.0,
  "validation_sometimes_P": 0.0,
  "validation_sometimes_R": 0.0,
  "validation_sometimes_F1": 0.0,
  "validation_mostly_P": 0.0,
  "validation_mostly_R": 0.0,
  "validation_mostly_F1": 0.0,
  "validation_frequently_P": 0.0,
  "validation_frequently_R": 0.0,
  "validation_frequently_F1": 0.0,
  "validation_generally_P": 0.0,
  "validation_generally_R": 0.0,
  "validation_generally_F1": 0.0,
  "validation_occasionally_P": 0.0,
  "validation_occasionally_R": 0.0,
  "validation_occasionally_F1": 0.0,
  "validation_seldom_P": 0.0,
  "validation_seldom_R": 0.0,
  "validation_seldom_F1": 0.0,
  "validation_universally_P": 0.0,
  "validation_universally_R": 0.0,
  "validation_universally_F1": 0.0,
  "validation_average_F1": 0.09475426375865936,
  "validation_accuracy": 0.308411214953271,
  "validation_loss": 2.6113367839293047,
  "best_validation_never_P": 0.20000000298023224,
  "best_validation_never_R": 0.260869562625885,
  "best_validation_never_F1": 0.22641509771347046,
  "best_validation_always_P": 0.3947368562221527,
  "best_validation_always_R": 0.75,
  "best_validation_always_F1": 0.517241358757019,
  "best_validation_usually_P": 0.0,
  "best_validation_usually_R": 0.0,
  "best_validation_usually_F1": 0.0,
  "best_validation_often_P": 0.0,
  "best_validation_often_R": 0.0,
  "best_validation_often_F1": 0.0,
  "best_validation_sometimes_P": 0.0,
  "best_validation_sometimes_R": 0.0,
  "best_validation_sometimes_F1": 0.0,
  "best_validation_mostly_P": 0.0,
  "best_validation_mostly_R": 0.0,
  "best_validation_mostly_F1": 0.0,
  "best_validation_frequently_P": 0.0,
  "best_validation_frequently_R": 0.0,
  "best_validation_frequently_F1": 0.0,
  "best_validation_generally_P": 0.0,
  "best_validation_generally_R": 0.0,
  "best_validation_generally_F1": 0.0,
  "best_validation_occasionally_P": 0.0,
  "best_validation_occasionally_R": 0.0,
  "best_validation_occasionally_F1": 0.0,
  "best_validation_seldom_P": 0.0,
  "best_validation_seldom_R": 0.0,
  "best_validation_seldom_F1": 0.0,
  "best_validation_universally_P": 0.0,
  "best_validation_universally_R": 0.0,
  "best_validation_universally_F1": 0.0,
  "best_validation_average_F1": 0.06760513240640814,
  "best_validation_accuracy": 0.3364485981308411,
  "best_validation_loss": 1.7743471969257703
}