{
  "best_epoch": 1,
  "peak_worker_0_memory_MB": 255.6328125,
  "training_duration": "0:00:03.329543",
  "training_start_epoch": 0,
  "training_epochs": 2,
  "epoch": 2,
  "training_never_P": 0.5967742204666138,
  "training_never_R": 0.8483245372772217,
  "training_never_F1": 0.7006555199623108,
  "training_always_P": 0.5353535413742065,
  "training_always_R": 0.61771559715271,
  "training_always_F1": 0.5735930800437927,
  "training_usually_P": 0.4651162922382355,
  "training_usually_R": 0.1342281848192215,
  "training_usually_F1": 0.2083333283662796,
  "training_often_P": 0.6491228342056274,
  "training_often_R": 0.3303571343421936,
  "training_often_F1": 0.4378698170185089,
  "training_sometimes_P": 0.6000000238418579,
  "training_sometimes_R": 0.2571428716182709,
  "training_sometimes_F1": 0.36000001430511475,
  "training_mostly_P": 0.875,
  "training_mostly_R": 0.18918919563293457,
  "training_mostly_F1": 0.31111112236976624,
  "training_frequently_P": 0.0,
  "training_frequently_R": 0.0,
  "training_frequently_F1": 0.0,
  "training_generally_P": 1.0,
  "training_generally_R": 0.125,
  "training_generally_F1": 0.2222222238779068,
  "training_occasionally_P": 1.0,
  "training_occasionally_R": 0.23076923191547394,
  "training_occasionally_F1": 0.375,
  "training_seldom_P": 1.0,
  "training_seldom_R": 0.1111111119389534,
  "training_seldom_F1": 0.19999998807907104,
  "training_universally_P": 1.0,
  "training_universally_R": 0.6666666865348816,
  "training_universally_F1": 0.800000011920929,
  "training_average_F1": 0.38079864599488,
  "training_accuracy": 0.578839590443686,
  "training_loss": 1.1936400861156231,
  "training_worker_0_memory_MB": 255.6328125,
  "validation_never_P": 0.18421052396297455,
  "validation_never_R": 0.30434781312942505,
  "validation_never_F1": 0.229508176445961,
  "validation_always_P": 0.4363636374473572,
  "validation_always_R": 0.6000000238418579,
  "validation_always_F1": 0.5052632093429565,
  "validation_usually_P": 0.6000000238418579,
  "validation_usually_R": 0.125,
  "validation_usually_F1": 0.2068965584039688,
  "validation_often_P": 0.0,
  "validation_often_R": 0.0,
  "validation_often_F1": 0.0,
  "validation_sometimes_P": 0.1666666716337204,
  "validation_sometimes_R": 0.20000000298023224,
  "validation_sometimes_F1": 0.1818181872367859,
  "validation_mostly_P": 0.0,
  "validation_mostly_R": 0.0,
  "validation_mostly_F1": 0.0,
  "validation_frequently_P": 0.0,
  "validation_frequently_R": 0.0,
  "validation_frequently_F1": 0.0,
  "validation_generally_P": 0.0,
  "validation_generally_R": 0.0,
  "validation_generally_F1": 0.0,
  "validation_occasionally_P": 0.0,
  "validation_occasionally_R": 0.0,
  "validation_occasionally_F1": 0.0,
  "validation_seldom_P": 0.0,
  "validation_seldom_R": 0.0,
  "validation_seldom_F1": 0.0,
  "validation_universally_P": 0.0,
  "validation_universally_R": 0.0,
  "validation_universally_F1": 0.0,
  "validation_average_F1": 0.10213510285724293,
  "validation_accuracy": 0.32710280373831774,
  "validation_loss": 1.9425836909901013,
  "best_validation_never_P": 0.20000000298023224,
  "best_validation_never_R": 0.260869562625885,
  "best_validation_never_F1": 0.22641509771347046,
  "best_validation_always_P": 0.3947368562221527,
  "best_validation_always_R": 0.75,
  "best_validation_always_F1": 0.517241358757019,
  "best_validation_usually_P": 0.0,
  "best_validation_usually_R": 0.0,
  "best_validation_usually_F1": 0.0,
  "best_validation_often_P": 0.0,
  "best_validation_often_R": 0.0,
  "best_validation_often_F1": 0.0,
  "best_validation_sometimes_P": 0.0,
  "best_validation_sometimes_R": 0.0,
  "best_validation_sometimes_F1": 0.0,
  "best_validation_mostly_P": 0.0,
  "best_validation_mostly_R": 0.0,
  "best_validation_mostly_F1": 0.0,
  "best_validation_frequently_P": 0.0,
  "best_validation_frequently_R": 0.0,
  "best_validation_frequently_F1": 0.0,
  "best_validation_generally_P": 0.0,
  "best_validation_generally_R": 0.0,
  "best_validation_generally_F1": 0.0,
  "best_validation_occasionally_P": 0.0,
  "best_validation_occasionally_R": 0.0,
  "best_validation_occasionally_F1": 0.0,
  "best_validation_seldom_P": 0.0,
  "best_validation_seldom_R": 0.0,
  "best_validation_seldom_F1": 0.0,
  "best_validation_universally_P": 0.0,
  "best_validation_universally_R": 0.0,
  "best_validation_universally_F1": 0.0,
  "best_validation_average_F1": 0.06760513240640814,
  "best_validation_accuracy": 0.3364485981308411,
  "best_validation_loss": 1.7743471969257703
}