{
  "best_epoch": 1,
  "peak_worker_0_memory_MB": 255.7890625,
  "training_duration": "0:00:06.947922",
  "training_start_epoch": 0,
  "training_epochs": 5,
  "epoch": 5,
  "training_never_P": 0.8267716765403748,
  "training_never_R": 0.9259259104728699,
  "training_never_F1": 0.8735440969467163,
  "training_always_P": 0.7922077775001526,
  "training_always_R": 0.8531468510627747,
  "training_always_F1": 0.8215488195419312,
  "training_usually_P": 0.7166666388511658,
  "training_usually_R": 0.5771812200546265,
  "training_usually_F1": 0.6394052505493164,
  "training_often_P": 0.84375,
  "training_often_R": 0.7232142686843872,
  "training_often_F1": 0.7788461446762085,
  "training_sometimes_P": 0.7837837934494019,
  "training_sometimes_R": 0.5523809790611267,
  "training_sometimes_F1": 0.6480447053909302,
  "training_mostly_P": 0.9655172228813171,
  "training_mostly_R": 0.7567567825317383,
  "training_mostly_F1": 0.8484848141670227,
  "training_frequently_P": 1.0,
  "training_frequently_R": 0.6428571343421936,
  "training_frequently_F1": 0.7826087474822998,
  "training_generally_P": 1.0,
  "training_generally_R": 0.75,
  "training_generally_F1": 0.8571428656578064,
  "training_occasionally_P": 1.0,
  "training_occasionally_R": 0.692307710647583,
  "training_occasionally_F1": 0.8181818127632141,
  "training_seldom_P": 1.0,
  "training_seldom_R": 0.7777777910232544,
  "training_seldom_F1": 0.875,
  "training_universally_P": 1.0,
  "training_universally_R": 1.0,
  "training_universally_F1": 1.0,
  "training_average_F1": 0.8129824779250405,
  "training_accuracy": 0.8143344709897611,
  "training_loss": 0.580237939700383,
  "training_worker_0_memory_MB": 255.7890625,
  "validation_never_P": 0.18918919563293457,
  "validation_never_R": 0.30434781312942505,
  "validation_never_F1": 0.23333333432674408,
  "validation_always_P": 0.4285714328289032,
  "validation_always_R": 0.44999998807907104,
  "validation_always_F1": 0.439024418592453,
  "validation_usually_P": 0.44999998807907104,
  "validation_usually_R": 0.375,
  "validation_usually_F1": 0.40909087657928467,
  "validation_often_P": 0.0,
  "validation_often_R": 0.0,
  "validation_often_F1": 0.0,
  "validation_sometimes_P": 0.0,
  "validation_sometimes_R": 0.0,
  "validation_sometimes_F1": 0.0,
  "validation_mostly_P": 0.0,
  "validation_mostly_R": 0.0,
  "validation_mostly_F1": 0.0,
  "validation_frequently_P": 0.0,
  "validation_frequently_R": 0.0,
  "validation_frequently_F1": 0.0,
  "validation_generally_P": 0.0,
  "validation_generally_R": 0.0,
  "validation_generally_F1": 0.0,
  "validation_occasionally_P": 0.0,
  "validation_occasionally_R": 0.0,
  "validation_occasionally_F1": 0.0,
  "validation_seldom_P": 0.0,
  "validation_seldom_R": 0.0,
  "validation_seldom_F1": 0.0,
  "validation_universally_P": 0.0,
  "validation_universally_R": 0.0,
  "validation_universally_F1": 0.0,
  "validation_average_F1": 0.09831351177258925,
  "validation_accuracy": 0.3177570093457944,
  "validation_loss": 2.170991442420266,
  "best_validation_never_P": 0.20000000298023224,
  "best_validation_never_R": 0.260869562625885,
  "best_validation_never_F1": 0.22641509771347046,
  "best_validation_always_P": 0.3947368562221527,
  "best_validation_always_R": 0.75,
  "best_validation_always_F1": 0.517241358757019,
  "best_validation_usually_P": 0.0,
  "best_validation_usually_R": 0.0,
  "best_validation_usually_F1": 0.0,
  "best_validation_often_P": 0.0,
  "best_validation_often_R": 0.0,
  "best_validation_often_F1": 0.0,
  "best_validation_sometimes_P": 0.0,
  "best_validation_sometimes_R": 0.0,
  "best_validation_sometimes_F1": 0.0,
  "best_validation_mostly_P": 0.0,
  "best_validation_mostly_R": 0.0,
  "best_validation_mostly_F1": 0.0,
  "best_validation_frequently_P": 0.0,
  "best_validation_frequently_R": 0.0,
  "best_validation_frequently_F1": 0.0,
  "best_validation_generally_P": 0.0,
  "best_validation_generally_R": 0.0,
  "best_validation_generally_F1": 0.0,
  "best_validation_occasionally_P": 0.0,
  "best_validation_occasionally_R": 0.0,
  "best_validation_occasionally_F1": 0.0,
  "best_validation_seldom_P": 0.0,
  "best_validation_seldom_R": 0.0,
  "best_validation_seldom_F1": 0.0,
  "best_validation_universally_P": 0.0,
  "best_validation_universally_R": 0.0,
  "best_validation_universally_F1": 0.0,
  "best_validation_average_F1": 0.06760513240640814,
  "best_validation_accuracy": 0.3364485981308411,
  "best_validation_loss": 1.7743471969257703
}