{
  "best_epoch": 1,
  "peak_worker_0_memory_MB": 255.80078125,
  "training_duration": "0:00:09.262400",
  "training_start_epoch": 0,
  "training_epochs": 7,
  "epoch": 7,
  "training_never_P": 0.9142857193946838,
  "training_never_R": 0.9594356417655945,
  "training_never_F1": 0.9363166689872742,
  "training_always_P": 0.8869179487228394,
  "training_always_R": 0.9324009418487549,
  "training_always_F1": 0.9090908765792847,
  "training_usually_P": 0.8897058963775635,
  "training_usually_R": 0.8120805621147156,
  "training_usually_F1": 0.8491227626800537,
  "training_often_P": 0.9207921028137207,
  "training_often_R": 0.8303571343421936,
  "training_often_F1": 0.8732394576072693,
  "training_sometimes_P": 0.9120879173278809,
  "training_sometimes_R": 0.7904762029647827,
  "training_sometimes_F1": 0.8469387888908386,
  "training_mostly_P": 0.9459459185600281,
  "training_mostly_R": 0.9459459185600281,
  "training_mostly_F1": 0.9459459185600281,
  "training_frequently_P": 1.0,
  "training_frequently_R": 0.7857142686843872,
  "training_frequently_F1": 0.8799999952316284,
  "training_generally_P": 1.0,
  "training_generally_R": 0.7916666865348816,
  "training_generally_F1": 0.8837209343910217,
  "training_occasionally_P": 1.0,
  "training_occasionally_R": 0.7692307829856873,
  "training_occasionally_F1": 0.8695651888847351,
  "training_seldom_P": 1.0,
  "training_seldom_R": 0.8888888955116272,
  "training_seldom_F1": 0.9411765336990356,
  "training_universally_P": 1.0,
  "training_universally_R": 1.0,
  "training_universally_F1": 1.0,
  "training_average_F1": 0.9031924659555609,
  "training_accuracy": 0.9078498293515358,
  "training_loss": 0.33715835373316494,
  "training_worker_0_memory_MB": 255.80078125,
  "validation_never_P": 0.1599999964237213,
  "validation_never_R": 0.17391304671764374,
  "validation_never_F1": 0.1666666716337204,
  "validation_always_P": 0.4166666567325592,
  "validation_always_R": 0.375,
  "validation_always_F1": 0.3947368562221527,
  "validation_usually_P": 0.3636363744735718,
  "validation_usually_R": 0.5,
  "validation_usually_F1": 0.42105263471603394,
  "validation_often_P": 0.0,
  "validation_often_R": 0.0,
  "validation_often_F1": 0.0,
  "validation_sometimes_P": 0.0,
  "validation_sometimes_R": 0.0,
  "validation_sometimes_F1": 0.0,
  "validation_mostly_P": 0.0,
  "validation_mostly_R": 0.0,
  "validation_mostly_F1": 0.0,
  "validation_frequently_P": 0.0,
  "validation_frequently_R": 0.0,
  "validation_frequently_F1": 0.0,
  "validation_generally_P": 0.0,
  "validation_generally_R": 0.0,
  "validation_generally_F1": 0.0,
  "validation_occasionally_P": 0.0,
  "validation_occasionally_R": 0.0,
  "validation_occasionally_F1": 0.0,
  "validation_seldom_P": 0.0,
  "validation_seldom_R": 0.0,
  "validation_seldom_F1": 0.0,
  "validation_universally_P": 0.0,
  "validation_universally_R": 0.0,
  "validation_universally_F1": 0.0,
  "validation_average_F1": 0.08931419659744609,
  "validation_accuracy": 0.2897196261682243,
  "validation_loss": 2.38747361573306,
  "best_validation_never_P": 0.20000000298023224,
  "best_validation_never_R": 0.260869562625885,
  "best_validation_never_F1": 0.22641509771347046,
  "best_validation_always_P": 0.3947368562221527,
  "best_validation_always_R": 0.75,
  "best_validation_always_F1": 0.517241358757019,
  "best_validation_usually_P": 0.0,
  "best_validation_usually_R": 0.0,
  "best_validation_usually_F1": 0.0,
  "best_validation_often_P": 0.0,
  "best_validation_often_R": 0.0,
  "best_validation_often_F1": 0.0,
  "best_validation_sometimes_P": 0.0,
  "best_validation_sometimes_R": 0.0,
  "best_validation_sometimes_F1": 0.0,
  "best_validation_mostly_P": 0.0,
  "best_validation_mostly_R": 0.0,
  "best_validation_mostly_F1": 0.0,
  "best_validation_frequently_P": 0.0,
  "best_validation_frequently_R": 0.0,
  "best_validation_frequently_F1": 0.0,
  "best_validation_generally_P": 0.0,
  "best_validation_generally_R": 0.0,
  "best_validation_generally_F1": 0.0,
  "best_validation_occasionally_P": 0.0,
  "best_validation_occasionally_R": 0.0,
  "best_validation_occasionally_F1": 0.0,
  "best_validation_seldom_P": 0.0,
  "best_validation_seldom_R": 0.0,
  "best_validation_seldom_F1": 0.0,
  "best_validation_universally_P": 0.0,
  "best_validation_universally_R": 0.0,
  "best_validation_universally_F1": 0.0,
  "best_validation_average_F1": 0.06760513240640814,
  "best_validation_accuracy": 0.3364485981308411,
  "best_validation_loss": 1.7743471969257703
}