{
  "best_epoch": 1,
  "peak_worker_0_memory_MB": 255.9609375,
  "training_duration": "0:00:12.731144",
  "training_start_epoch": 0,
  "training_epochs": 10,
  "epoch": 10,
  "training_never_P": 0.9635416865348816,
  "training_never_R": 0.9788359999656677,
  "training_never_F1": 0.9711285829544067,
  "training_always_P": 0.9651162624359131,
  "training_always_R": 0.9673659801483154,
  "training_always_F1": 0.9662398099899292,
  "training_usually_P": 0.9577465057373047,
  "training_usually_R": 0.9127516746520996,
  "training_usually_F1": 0.9347079396247864,
  "training_often_P": 0.9369369149208069,
  "training_often_R": 0.9285714030265808,
  "training_often_F1": 0.9327353835105896,
  "training_sometimes_P": 0.9519230723381042,
  "training_sometimes_R": 0.9428571462631226,
  "training_sometimes_F1": 0.9473684430122375,
  "training_mostly_P": 0.9729729890823364,
  "training_mostly_R": 0.9729729890823364,
  "training_mostly_F1": 0.9729729890823364,
  "training_frequently_P": 1.0,
  "training_frequently_R": 1.0,
  "training_frequently_F1": 1.0,
  "training_generally_P": 1.0,
  "training_generally_R": 0.9583333134651184,
  "training_generally_F1": 0.978723406791687,
  "training_occasionally_P": 1.0,
  "training_occasionally_R": 1.0,
  "training_occasionally_F1": 1.0,
  "training_seldom_P": 1.0,
  "training_seldom_R": 1.0,
  "training_seldom_F1": 1.0,
  "training_universally_P": 1.0,
  "training_universally_R": 1.0,
  "training_universally_F1": 1.0,
  "training_average_F1": 0.9730796868150885,
  "training_accuracy": 0.962457337883959,
  "training_loss": 0.16771813721529075,
  "training_worker_0_memory_MB": 255.9609375,
  "validation_never_P": 0.2142857164144516,
  "validation_never_R": 0.1304347813129425,
  "validation_never_F1": 0.1621621698141098,
  "validation_always_P": 0.4035087823867798,
  "validation_always_R": 0.574999988079071,
  "validation_always_F1": 0.47422680258750916,
  "validation_usually_P": 0.4000000059604645,
  "validation_usually_R": 0.4166666567325592,
  "validation_usually_F1": 0.40816327929496765,
  "validation_often_P": 0.0,
  "validation_often_R": 0.0,
  "validation_often_F1": 0.0,
  "validation_sometimes_P": 0.0,
  "validation_sometimes_R": 0.0,
  "validation_sometimes_F1": 0.0,
  "validation_mostly_P": 0.0,
  "validation_mostly_R": 0.0,
  "validation_mostly_F1": 0.0,
  "validation_frequently_P": 0.0,
  "validation_frequently_R": 0.0,
  "validation_frequently_F1": 0.0,
  "validation_generally_P": 0.0,
  "validation_generally_R": 0.0,
  "validation_generally_F1": 0.0,
  "validation_occasionally_P": 0.0,
  "validation_occasionally_R": 0.0,
  "validation_occasionally_F1": 0.0,
  "validation_seldom_P": 0.0,
  "validation_seldom_R": 0.0,
  "validation_seldom_F1": 0.0,
  "validation_universally_P": 0.0,
  "validation_universally_R": 0.0,
  "validation_universally_F1": 0.0,
  "validation_average_F1": 0.0949592956087806,
  "validation_accuracy": 0.3364485981308411,
  "validation_loss": 2.6142324913631785,
  "best_validation_never_P": 0.20000000298023224,
  "best_validation_never_R": 0.260869562625885,
  "best_validation_never_F1": 0.22641509771347046,
  "best_validation_always_P": 0.3947368562221527,
  "best_validation_always_R": 0.75,
  "best_validation_always_F1": 0.517241358757019,
  "best_validation_usually_P": 0.0,
  "best_validation_usually_R": 0.0,
  "best_validation_usually_F1": 0.0,
  "best_validation_often_P": 0.0,
  "best_validation_often_R": 0.0,
  "best_validation_often_F1": 0.0,
  "best_validation_sometimes_P": 0.0,
  "best_validation_sometimes_R": 0.0,
  "best_validation_sometimes_F1": 0.0,
  "best_validation_mostly_P": 0.0,
  "best_validation_mostly_R": 0.0,
  "best_validation_mostly_F1": 0.0,
  "best_validation_frequently_P": 0.0,
  "best_validation_frequently_R": 0.0,
  "best_validation_frequently_F1": 0.0,
  "best_validation_generally_P": 0.0,
  "best_validation_generally_R": 0.0,
  "best_validation_generally_F1": 0.0,
  "best_validation_occasionally_P": 0.0,
  "best_validation_occasionally_R": 0.0,
  "best_validation_occasionally_F1": 0.0,
  "best_validation_seldom_P": 0.0,
  "best_validation_seldom_R": 0.0,
  "best_validation_seldom_F1": 0.0,
  "best_validation_universally_P": 0.0,
  "best_validation_universally_R": 0.0,
  "best_validation_universally_F1": 0.0,
  "best_validation_average_F1": 0.06760513240640814,
  "best_validation_accuracy": 0.3364485981308411,
  "best_validation_loss": 1.7743471969257703
}