{
  "best_epoch": 1,
  "peak_worker_0_memory_MB": 255.421875,
  "training_duration": "0:00:02.207171",
  "training_start_epoch": 0,
  "training_epochs": 1,
  "epoch": 1,
  "training_never_P": 0.5042462944984436,
  "training_never_R": 0.8377425074577332,
  "training_never_F1": 0.6295560002326965,
  "training_always_P": 0.4693446159362793,
  "training_always_R": 0.5174825191497803,
  "training_always_F1": 0.49223947525024414,
  "training_usually_P": 0.4000000059604645,
  "training_usually_R": 0.01342281885445118,
  "training_usually_F1": 0.025974025949835777,
  "training_often_P": 0.6785714030265808,
  "training_often_R": 0.1696428507566452,
  "training_often_F1": 0.27142855525016785,
  "training_sometimes_P": 0.7692307829856873,
  "training_sometimes_R": 0.095238097012043,
  "training_sometimes_F1": 0.16949152946472168,
  "training_mostly_P": 0.0,
  "training_mostly_R": 0.0,
  "training_mostly_F1": 0.0,
  "training_frequently_P": 0.0,
  "training_frequently_R": 0.0,
  "training_frequently_F1": 0.0,
  "training_generally_P": 1.0,
  "training_generally_R": 0.125,
  "training_generally_F1": 0.2222222238779068,
  "training_occasionally_P": 1.0,
  "training_occasionally_R": 0.07692307978868484,
  "training_occasionally_F1": 0.1428571343421936,
  "training_seldom_P": 0.0,
  "training_seldom_R": 0.0,
  "training_seldom_F1": 0.0,
  "training_universally_P": 0.0,
  "training_universally_R": 0.0,
  "training_universally_F1": 0.0,
  "training_average_F1": 0.17761535857888786,
  "training_accuracy": 0.49965870307167237,
  "training_loss": 1.4211135356604647,
  "training_worker_0_memory_MB": 255.421875,
  "validation_never_P": 0.20000000298023224,
  "validation_never_R": 0.260869562625885,
  "validation_never_F1": 0.22641509771347046,
  "validation_always_P": 0.3947368562221527,
  "validation_always_R": 0.75,
  "validation_always_F1": 0.517241358757019,
  "validation_usually_P": 0.0,
  "validation_usually_R": 0.0,
  "validation_usually_F1": 0.0,
  "validation_often_P": 0.0,
  "validation_often_R": 0.0,
  "validation_often_F1": 0.0,
  "validation_sometimes_P": 0.0,
  "validation_sometimes_R": 0.0,
  "validation_sometimes_F1": 0.0,
  "validation_mostly_P": 0.0,
  "validation_mostly_R": 0.0,
  "validation_mostly_F1": 0.0,
  "validation_frequently_P": 0.0,
  "validation_frequently_R": 0.0,
  "validation_frequently_F1": 0.0,
  "validation_generally_P": 0.0,
  "validation_generally_R": 0.0,
  "validation_generally_F1": 0.0,
  "validation_occasionally_P": 0.0,
  "validation_occasionally_R": 0.0,
  "validation_occasionally_F1": 0.0,
  "validation_seldom_P": 0.0,
  "validation_seldom_R": 0.0,
  "validation_seldom_F1": 0.0,
  "validation_universally_P": 0.0,
  "validation_universally_R": 0.0,
  "validation_universally_F1": 0.0,
  "validation_average_F1": 0.06760513240640814,
  "validation_accuracy": 0.3364485981308411,
  "validation_loss": 1.7743471969257703,
  "best_validation_never_P": 0.20000000298023224,
  "best_validation_never_R": 0.260869562625885,
  "best_validation_never_F1": 0.22641509771347046,
  "best_validation_always_P": 0.3947368562221527,
  "best_validation_always_R": 0.75,
  "best_validation_always_F1": 0.517241358757019,
  "best_validation_usually_P": 0.0,
  "best_validation_usually_R": 0.0,
  "best_validation_usually_F1": 0.0,
  "best_validation_often_P": 0.0,
  "best_validation_often_R": 0.0,
  "best_validation_often_F1": 0.0,
  "best_validation_sometimes_P": 0.0,
  "best_validation_sometimes_R": 0.0,
  "best_validation_sometimes_F1": 0.0,
  "best_validation_mostly_P": 0.0,
  "best_validation_mostly_R": 0.0,
  "best_validation_mostly_F1": 0.0,
  "best_validation_frequently_P": 0.0,
  "best_validation_frequently_R": 0.0,
  "best_validation_frequently_F1": 0.0,
  "best_validation_generally_P": 0.0,
  "best_validation_generally_R": 0.0,
  "best_validation_generally_F1": 0.0,
  "best_validation_occasionally_P": 0.0,
  "best_validation_occasionally_R": 0.0,
  "best_validation_occasionally_F1": 0.0,
  "best_validation_seldom_P": 0.0,
  "best_validation_seldom_R": 0.0,
  "best_validation_seldom_F1": 0.0,
  "best_validation_universally_P": 0.0,
  "best_validation_universally_R": 0.0,
  "best_validation_universally_F1": 0.0,
  "best_validation_average_F1": 0.06760513240640814,
  "best_validation_accuracy": 0.3364485981308411,
  "best_validation_loss": 1.7743471969257703
}