{
  "best_epoch": 1,
  "peak_worker_0_memory_MB": 255.8828125,
  "training_duration": "0:00:10.477972",
  "training_start_epoch": 0,
  "training_epochs": 8,
  "epoch": 8,
  "training_never_P": 0.9470085501670837,
  "training_never_R": 0.9770722985267639,
  "training_never_F1": 0.9618055820465088,
  "training_always_P": 0.942396342754364,
  "training_always_R": 0.9533799290657043,
  "training_always_F1": 0.9478563070297241,
  "training_usually_P": 0.9064748287200928,
  "training_usually_R": 0.8456375598907471,
  "training_usually_F1": 0.875,
  "training_often_P": 0.9279279112815857,
  "training_often_R": 0.9196428656578064,
  "training_often_F1": 0.9237667918205261,
  "training_sometimes_P": 0.9489796161651611,
  "training_sometimes_R": 0.8857142925262451,
  "training_sometimes_F1": 0.9162561297416687,
  "training_mostly_P": 0.9736841917037964,
  "training_mostly_R": 1.0,
  "training_mostly_F1": 0.9866666793823242,
  "training_frequently_P": 1.0,
  "training_frequently_R": 0.7857142686843872,
  "training_frequently_F1": 0.8799999952316284,
  "training_generally_P": 1.0,
  "training_generally_R": 0.9583333134651184,
  "training_generally_F1": 0.978723406791687,
  "training_occasionally_P": 1.0,
  "training_occasionally_R": 0.9230769276618958,
  "training_occasionally_F1": 0.9600000381469727,
  "training_seldom_P": 1.0,
  "training_seldom_R": 0.8888888955116272,
  "training_seldom_F1": 0.9411765336990356,
  "training_universally_P": 1.0,
  "training_universally_R": 1.0,
  "training_universally_F1": 1.0,
  "training_average_F1": 0.9428410421718251,
  "training_accuracy": 0.9433447098976109,
  "training_loss": 0.26881372734752235,
  "training_worker_0_memory_MB": 255.8828125,
  "validation_never_P": 0.19230769574642181,
  "validation_never_R": 0.21739129722118378,
  "validation_never_F1": 0.20408163964748383,
  "validation_always_P": 0.40816327929496765,
  "validation_always_R": 0.5,
  "validation_always_F1": 0.4494381844997406,
  "validation_usually_P": 0.3499999940395355,
  "validation_usually_R": 0.2916666567325592,
  "validation_usually_F1": 0.3181818127632141,
  "validation_often_P": 0.0,
  "validation_often_R": 0.0,
  "validation_often_F1": 0.0,
  "validation_sometimes_P": 0.125,
  "validation_sometimes_R": 0.20000000298023224,
  "validation_sometimes_F1": 0.1538461595773697,
  "validation_mostly_P": 0.0,
  "validation_mostly_R": 0.0,
  "validation_mostly_F1": 0.0,
  "validation_frequently_P": 0.0,
  "validation_frequently_R": 0.0,
  "validation_frequently_F1": 0.0,
  "validation_generally_P": 0.0,
  "validation_generally_R": 0.0,
  "validation_generally_F1": 0.0,
  "validation_occasionally_P": 0.0,
  "validation_occasionally_R": 0.0,
  "validation_occasionally_F1": 0.0,
  "validation_seldom_P": 0.0,
  "validation_seldom_R": 0.0,
  "validation_seldom_F1": 0.0,
  "validation_universally_P": 0.0,
  "validation_universally_R": 0.0,
  "validation_universally_F1": 0.0,
  "validation_average_F1": 0.10232252695343712,
  "validation_accuracy": 0.308411214953271,
  "validation_loss": 2.4940239082683218,
  "best_validation_never_P": 0.20000000298023224,
  "best_validation_never_R": 0.260869562625885,
  "best_validation_never_F1": 0.22641509771347046,
  "best_validation_always_P": 0.3947368562221527,
  "best_validation_always_R": 0.75,
  "best_validation_always_F1": 0.517241358757019,
  "best_validation_usually_P": 0.0,
  "best_validation_usually_R": 0.0,
  "best_validation_usually_F1": 0.0,
  "best_validation_often_P": 0.0,
  "best_validation_often_R": 0.0,
  "best_validation_often_F1": 0.0,
  "best_validation_sometimes_P": 0.0,
  "best_validation_sometimes_R": 0.0,
  "best_validation_sometimes_F1": 0.0,
  "best_validation_mostly_P": 0.0,
  "best_validation_mostly_R": 0.0,
  "best_validation_mostly_F1": 0.0,
  "best_validation_frequently_P": 0.0,
  "best_validation_frequently_R": 0.0,
  "best_validation_frequently_F1": 0.0,
  "best_validation_generally_P": 0.0,
  "best_validation_generally_R": 0.0,
  "best_validation_generally_F1": 0.0,
  "best_validation_occasionally_P": 0.0,
  "best_validation_occasionally_R": 0.0,
  "best_validation_occasionally_F1": 0.0,
  "best_validation_seldom_P": 0.0,
  "best_validation_seldom_R": 0.0,
  "best_validation_seldom_F1": 0.0,
  "best_validation_universally_P": 0.0,
  "best_validation_universally_R": 0.0,
  "best_validation_universally_F1": 0.0,
  "best_validation_average_F1": 0.06760513240640814,
  "best_validation_accuracy": 0.3364485981308411,
  "best_validation_loss": 1.7743471969257703
}