{
  "best_epoch": 1,
  "peak_worker_0_memory_MB": 255.9609375,
  "training_duration": "0:00:13.924462",
  "training_start_epoch": 0,
  "training_epochs": 11,
  "epoch": 11,
  "training_never_P": 0.9735449552536011,
  "training_never_R": 0.9735449552536011,
  "training_never_F1": 0.9735449552536011,
  "training_always_P": 0.9767981171607971,
  "training_always_R": 0.9813519716262817,
  "training_always_F1": 0.979069709777832,
  "training_usually_P": 0.9271523356437683,
  "training_usually_R": 0.9395973086357117,
  "training_usually_F1": 0.9333333373069763,
  "training_often_P": 0.9545454382896423,
  "training_often_R": 0.9375,
  "training_often_F1": 0.9459459185600281,
  "training_sometimes_P": 0.9708737730979919,
  "training_sometimes_R": 0.9523809552192688,
  "training_sometimes_F1": 0.9615384340286255,
  "training_mostly_P": 0.9736841917037964,
  "training_mostly_R": 1.0,
  "training_mostly_F1": 0.9866666793823242,
  "training_frequently_P": 1.0,
  "training_frequently_R": 1.0,
  "training_frequently_F1": 1.0,
  "training_generally_P": 1.0,
  "training_generally_R": 0.9583333134651184,
  "training_generally_F1": 0.978723406791687,
  "training_occasionally_P": 1.0,
  "training_occasionally_R": 1.0,
  "training_occasionally_F1": 1.0,
  "training_seldom_P": 1.0,
  "training_seldom_R": 1.0,
  "training_seldom_F1": 1.0,
  "training_universally_P": 1.0,
  "training_universally_R": 1.0,
  "training_universally_F1": 1.0,
  "training_average_F1": 0.978074767372825,
  "training_accuracy": 0.9692832764505119,
  "training_loss": 0.14087037332229266,
  "training_worker_0_memory_MB": 255.9609375,
  "validation_never_P": 0.13333334028720856,
  "validation_never_R": 0.17391304671764374,
  "validation_never_F1": 0.15094339847564697,
  "validation_always_P": 0.4047619104385376,
  "validation_always_R": 0.42500001192092896,
  "validation_always_F1": 0.41463416814804077,
  "validation_usually_P": 0.375,
  "validation_usually_R": 0.375,
  "validation_usually_F1": 0.375,
  "validation_often_P": 0.0,
  "validation_often_R": 0.0,
  "validation_often_F1": 0.0,
  "validation_sometimes_P": 0.0,
  "validation_sometimes_R": 0.0,
  "validation_sometimes_F1": 0.0,
  "validation_mostly_P": 0.0,
  "validation_mostly_R": 0.0,
  "validation_mostly_F1": 0.0,
  "validation_frequently_P": 0.0,
  "validation_frequently_R": 0.0,
  "validation_frequently_F1": 0.0,
  "validation_generally_P": 0.0,
  "validation_generally_R": 0.0,
  "validation_generally_F1": 0.0,
  "validation_occasionally_P": 0.0,
  "validation_occasionally_R": 0.0,
  "validation_occasionally_F1": 0.0,
  "validation_seldom_P": 0.0,
  "validation_seldom_R": 0.0,
  "validation_seldom_F1": 0.0,
  "validation_universally_P": 0.0,
  "validation_universally_R": 0.0,
  "validation_universally_F1": 0.0,
  "validation_average_F1": 0.08550705151124434,
  "validation_accuracy": 0.2803738317757009,
  "validation_loss": 2.7880678231065925,
  "best_validation_never_P": 0.20000000298023224,
  "best_validation_never_R": 0.260869562625885,
  "best_validation_never_F1": 0.22641509771347046,
  "best_validation_always_P": 0.3947368562221527,
  "best_validation_always_R": 0.75,
  "best_validation_always_F1": 0.517241358757019,
  "best_validation_usually_P": 0.0,
  "best_validation_usually_R": 0.0,
  "best_validation_usually_F1": 0.0,
  "best_validation_often_P": 0.0,
  "best_validation_often_R": 0.0,
  "best_validation_often_F1": 0.0,
  "best_validation_sometimes_P": 0.0,
  "best_validation_sometimes_R": 0.0,
  "best_validation_sometimes_F1": 0.0,
  "best_validation_mostly_P": 0.0,
  "best_validation_mostly_R": 0.0,
  "best_validation_mostly_F1": 0.0,
  "best_validation_frequently_P": 0.0,
  "best_validation_frequently_R": 0.0,
  "best_validation_frequently_F1": 0.0,
  "best_validation_generally_P": 0.0,
  "best_validation_generally_R": 0.0,
  "best_validation_generally_F1": 0.0,
  "best_validation_occasionally_P": 0.0,
  "best_validation_occasionally_R": 0.0,
  "best_validation_occasionally_F1": 0.0,
  "best_validation_seldom_P": 0.0,
  "best_validation_seldom_R": 0.0,
  "best_validation_seldom_F1": 0.0,
  "best_validation_universally_P": 0.0,
  "best_validation_universally_R": 0.0,
  "best_validation_universally_F1": 0.0,
  "best_validation_average_F1": 0.06760513240640814,
  "best_validation_accuracy": 0.3364485981308411,
  "best_validation_loss": 1.7743471969257703
}