{
  "best_epoch": 1,
  "peak_worker_0_memory_MB": 255.7890625,
  "training_duration": "0:00:05.690511",
  "training_start_epoch": 0,
  "training_epochs": 4,
  "epoch": 4,
  "training_never_P": 0.7653374075889587,
  "training_never_R": 0.8800705671310425,
  "training_never_F1": 0.818703830242157,
  "training_always_P": 0.7478813529014587,
  "training_always_R": 0.8228438496589661,
  "training_always_F1": 0.7835738062858582,
  "training_usually_P": 0.6206896305084229,
  "training_usually_R": 0.48322147130966187,
  "training_usually_F1": 0.5433961749076843,
  "training_often_P": 0.7865168452262878,
  "training_often_R": 0.625,
  "training_often_F1": 0.6965174078941345,
  "training_sometimes_P": 0.75,
  "training_sometimes_R": 0.4571428596973419,
  "training_sometimes_F1": 0.5680473446846008,
  "training_mostly_P": 0.9259259104728699,
  "training_mostly_R": 0.6756756901741028,
  "training_mostly_F1": 0.78125,
  "training_frequently_P": 0.800000011920929,
  "training_frequently_R": 0.5714285969734192,
  "training_frequently_F1": 0.6666666865348816,
  "training_generally_P": 0.9333333373069763,
  "training_generally_R": 0.5833333134651184,
  "training_generally_F1": 0.7179487347602844,
  "training_occasionally_P": 1.0,
  "training_occasionally_R": 0.6153846383094788,
  "training_occasionally_F1": 0.7619048357009888,
  "training_seldom_P": 1.0,
  "training_seldom_R": 0.6666666865348816,
  "training_seldom_F1": 0.800000011920929,
  "training_universally_P": 1.0,
  "training_universally_R": 1.0,
  "training_universally_F1": 1.0,
  "training_average_F1": 0.7398189848119562,
  "training_accuracy": 0.7569965870307167,
  "training_loss": 0.7573814147791895,
  "training_worker_0_memory_MB": 255.7890625,
  "validation_never_P": 0.1794871836900711,
  "validation_never_R": 0.30434781312942505,
  "validation_never_F1": 0.22580645978450775,
  "validation_always_P": 0.4150943458080292,
  "validation_always_R": 0.550000011920929,
  "validation_always_F1": 0.47311830520629883,
  "validation_usually_P": 0.5,
  "validation_usually_R": 0.1666666716337204,
  "validation_usually_F1": 0.25,
  "validation_often_P": 0.0,
  "validation_often_R": 0.0,
  "validation_often_F1": 0.0,
  "validation_sometimes_P": 0.0,
  "validation_sometimes_R": 0.0,
  "validation_sometimes_F1": 0.0,
  "validation_mostly_P": 0.0,
  "validation_mostly_R": 0.0,
  "validation_mostly_F1": 0.0,
  "validation_frequently_P": 0.0,
  "validation_frequently_R": 0.0,
  "validation_frequently_F1": 0.0,
  "validation_generally_P": 0.0,
  "validation_generally_R": 0.0,
  "validation_generally_F1": 0.0,
  "validation_occasionally_P": 0.0,
  "validation_occasionally_R": 0.0,
  "validation_occasionally_F1": 0.0,
  "validation_seldom_P": 0.0,
  "validation_seldom_R": 0.0,
  "validation_seldom_F1": 0.0,
  "validation_universally_P": 0.0,
  "validation_universally_R": 0.0,
  "validation_universally_F1": 0.0,
  "validation_average_F1": 0.08626588772643697,
  "validation_accuracy": 0.308411214953271,
  "validation_loss": 2.1398430304093794,
  "best_validation_never_P": 0.20000000298023224,
  "best_validation_never_R": 0.260869562625885,
  "best_validation_never_F1": 0.22641509771347046,
  "best_validation_always_P": 0.3947368562221527,
  "best_validation_always_R": 0.75,
  "best_validation_always_F1": 0.517241358757019,
  "best_validation_usually_P": 0.0,
  "best_validation_usually_R": 0.0,
  "best_validation_usually_F1": 0.0,
  "best_validation_often_P": 0.0,
  "best_validation_often_R": 0.0,
  "best_validation_often_F1": 0.0,
  "best_validation_sometimes_P": 0.0,
  "best_validation_sometimes_R": 0.0,
  "best_validation_sometimes_F1": 0.0,
  "best_validation_mostly_P": 0.0,
  "best_validation_mostly_R": 0.0,
  "best_validation_mostly_F1": 0.0,
  "best_validation_frequently_P": 0.0,
  "best_validation_frequently_R": 0.0,
  "best_validation_frequently_F1": 0.0,
  "best_validation_generally_P": 0.0,
  "best_validation_generally_R": 0.0,
  "best_validation_generally_F1": 0.0,
  "best_validation_occasionally_P": 0.0,
  "best_validation_occasionally_R": 0.0,
  "best_validation_occasionally_F1": 0.0,
  "best_validation_seldom_P": 0.0,
  "best_validation_seldom_R": 0.0,
  "best_validation_seldom_F1": 0.0,
  "best_validation_universally_P": 0.0,
  "best_validation_universally_R": 0.0,
  "best_validation_universally_F1": 0.0,
  "best_validation_average_F1": 0.06760513240640814,
  "best_validation_accuracy": 0.3364485981308411,
  "best_validation_loss": 1.7743471969257703
}