{
  "best_epoch": 1,
  "peak_worker_0_memory_MB": 255.7109375,
  "training_duration": "0:00:04.538090",
  "training_start_epoch": 0,
  "training_epochs": 3,
  "epoch": 3,
  "training_never_P": 0.6927453875541687,
  "training_never_R": 0.8589065074920654,
  "training_never_F1": 0.7669291496276855,
  "training_always_P": 0.6290983557701111,
  "training_always_R": 0.7156177163124084,
  "training_always_F1": 0.6695747375488281,
  "training_usually_P": 0.6805555820465088,
  "training_usually_R": 0.3288590610027313,
  "training_usually_F1": 0.44343891739845276,
  "training_often_P": 0.75,
  "training_often_R": 0.5892857313156128,
  "training_often_F1": 0.6600000262260437,
  "training_sometimes_P": 0.6575342416763306,
  "training_sometimes_R": 0.4571428596973419,
  "training_sometimes_F1": 0.5393258929252625,
  "training_mostly_P": 0.9285714030265808,
  "training_mostly_R": 0.3513513505458832,
  "training_mostly_F1": 0.5098039507865906,
  "training_frequently_P": 1.0,
  "training_frequently_R": 0.2142857164144516,
  "training_frequently_F1": 0.3529411852359772,
  "training_generally_P": 1.0,
  "training_generally_R": 0.3333333432674408,
  "training_generally_F1": 0.5,
  "training_occasionally_P": 1.0,
  "training_occasionally_R": 0.4615384638309479,
  "training_occasionally_F1": 0.6315789818763733,
  "training_seldom_P": 1.0,
  "training_seldom_R": 0.5555555820465088,
  "training_seldom_F1": 0.7142857313156128,
  "training_universally_P": 1.0,
  "training_universally_R": 0.8333333134651184,
  "training_universally_F1": 0.9090909361839294,
  "training_average_F1": 0.6088154099204324,
  "training_accuracy": 0.6805460750853243,
  "training_loss": 0.9508600580651744,
  "training_worker_0_memory_MB": 255.7109375,
  "validation_never_P": 0.2222222238779068,
  "validation_never_R": 0.260869562625885,
  "validation_never_F1": 0.24000000953674316,
  "validation_always_P": 0.41818180680274963,
  "validation_always_R": 0.574999988079071,
  "validation_always_F1": 0.4842105209827423,
  "validation_usually_P": 0.4000000059604645,
  "validation_usually_R": 0.3333333432674408,
  "validation_usually_F1": 0.3636363744735718,
  "validation_often_P": 0.0,
  "validation_often_R": 0.0,
  "validation_often_F1": 0.0,
  "validation_sometimes_P": 0.0,
  "validation_sometimes_R": 0.0,
  "validation_sometimes_F1": 0.0,
  "validation_mostly_P": 0.0,
  "validation_mostly_R": 0.0,
  "validation_mostly_F1": 0.0,
  "validation_frequently_P": 0.0,
  "validation_frequently_R": 0.0,
  "validation_frequently_F1": 0.0,
  "validation_generally_P": 0.0,
  "validation_generally_R": 0.0,
  "validation_generally_F1": 0.0,
  "validation_occasionally_P": 0.0,
  "validation_occasionally_R": 0.0,
  "validation_occasionally_F1": 0.0,
  "validation_seldom_P": 0.0,
  "validation_seldom_R": 0.0,
  "validation_seldom_F1": 0.0,
  "validation_universally_P": 0.0,
  "validation_universally_R": 0.0,
  "validation_universally_F1": 0.0,
  "validation_average_F1": 0.09889517318118703,
  "validation_accuracy": 0.34579439252336447,
  "validation_loss": 1.902515552260659,
  "best_validation_never_P": 0.20000000298023224,
  "best_validation_never_R": 0.260869562625885,
  "best_validation_never_F1": 0.22641509771347046,
  "best_validation_always_P": 0.3947368562221527,
  "best_validation_always_R": 0.75,
  "best_validation_always_F1": 0.517241358757019,
  "best_validation_usually_P": 0.0,
  "best_validation_usually_R": 0.0,
  "best_validation_usually_F1": 0.0,
  "best_validation_often_P": 0.0,
  "best_validation_often_R": 0.0,
  "best_validation_often_F1": 0.0,
  "best_validation_sometimes_P": 0.0,
  "best_validation_sometimes_R": 0.0,
  "best_validation_sometimes_F1": 0.0,
  "best_validation_mostly_P": 0.0,
  "best_validation_mostly_R": 0.0,
  "best_validation_mostly_F1": 0.0,
  "best_validation_frequently_P": 0.0,
  "best_validation_frequently_R": 0.0,
  "best_validation_frequently_F1": 0.0,
  "best_validation_generally_P": 0.0,
  "best_validation_generally_R": 0.0,
  "best_validation_generally_F1": 0.0,
  "best_validation_occasionally_P": 0.0,
  "best_validation_occasionally_R": 0.0,
  "best_validation_occasionally_F1": 0.0,
  "best_validation_seldom_P": 0.0,
  "best_validation_seldom_R": 0.0,
  "best_validation_seldom_F1": 0.0,
  "best_validation_universally_P": 0.0,
  "best_validation_universally_R": 0.0,
  "best_validation_universally_F1": 0.0,
  "best_validation_average_F1": 0.06760513240640814,
  "best_validation_accuracy": 0.3364485981308411,
  "best_validation_loss": 1.7743471969257703
}