{
  "best_epoch": 1,
  "peak_worker_0_memory_MB": 255.7890625,
  "training_duration": "0:00:08.132448",
  "training_start_epoch": 0,
  "training_epochs": 6,
  "epoch": 6,
  "training_never_P": 0.8703403472900391,
  "training_never_R": 0.9470899701118469,
  "training_never_F1": 0.9070946574211121,
  "training_always_P": 0.8636363744735718,
  "training_always_R": 0.8857808709144592,
  "training_always_F1": 0.8745684623718262,
  "training_usually_P": 0.8306451439857483,
  "training_usually_R": 0.6912751793861389,
  "training_usually_F1": 0.7545787692070007,
  "training_often_P": 0.8888888955116272,
  "training_often_R": 0.7857142686843872,
  "training_often_F1": 0.8341231942176819,
  "training_sometimes_P": 0.8247422575950623,
  "training_sometimes_R": 0.761904776096344,
  "training_sometimes_F1": 0.7920792102813721,
  "training_mostly_P": 0.9428571462631226,
  "training_mostly_R": 0.8918918967247009,
  "training_mostly_F1": 0.9166666865348816,
  "training_frequently_P": 1.0,
  "training_frequently_R": 0.7142857313156128,
  "training_frequently_F1": 0.8333333730697632,
  "training_generally_P": 1.0,
  "training_generally_R": 0.7916666865348816,
  "training_generally_F1": 0.8837209343910217,
  "training_occasionally_P": 1.0,
  "training_occasionally_R": 0.7692307829856873,
  "training_occasionally_F1": 0.8695651888847351,
  "training_seldom_P": 1.0,
  "training_seldom_R": 0.8888888955116272,
  "training_seldom_F1": 0.9411765336990356,
  "training_universally_P": 1.0,
  "training_universally_R": 1.0,
  "training_universally_F1": 1.0,
  "training_average_F1": 0.8733551827344027,
  "training_accuracy": 0.8696245733788396,
  "training_loss": 0.44175530448049105,
  "training_worker_0_memory_MB": 255.7890625,
  "validation_never_P": 0.1666666716337204,
  "validation_never_R": 0.17391304671764374,
  "validation_never_F1": 0.1702127605676651,
  "validation_always_P": 0.3921568691730499,
  "validation_always_R": 0.5,
  "validation_always_F1": 0.4395604729652405,
  "validation_usually_P": 0.4166666567325592,
  "validation_usually_R": 0.4166666567325592,
  "validation_usually_F1": 0.4166666567325592,
  "validation_often_P": 0.0,
  "validation_often_R": 0.0,
  "validation_often_F1": 0.0,
  "validation_sometimes_P": 0.0,
  "validation_sometimes_R": 0.0,
  "validation_sometimes_F1": 0.0,
  "validation_mostly_P": 0.0,
  "validation_mostly_R": 0.0,
  "validation_mostly_F1": 0.0,
  "validation_frequently_P": 0.0,
  "validation_frequently_R": 0.0,
  "validation_frequently_F1": 0.0,
  "validation_generally_P": 0.0,
  "validation_generally_R": 0.0,
  "validation_generally_F1": 0.0,
  "validation_occasionally_P": 0.0,
  "validation_occasionally_R": 0.0,
  "validation_occasionally_F1": 0.0,
  "validation_seldom_P": 0.0,
  "validation_seldom_R": 0.0,
  "validation_seldom_F1": 0.0,
  "validation_universally_P": 0.0,
  "validation_universally_R": 0.0,
  "validation_universally_F1": 0.0,
  "validation_average_F1": 0.09331271729686043,
  "validation_accuracy": 0.3177570093457944,
  "validation_loss": 2.312371172688224,
  "best_validation_never_P": 0.20000000298023224,
  "best_validation_never_R": 0.260869562625885,
  "best_validation_never_F1": 0.22641509771347046,
  "best_validation_always_P": 0.3947368562221527,
  "best_validation_always_R": 0.75,
  "best_validation_always_F1": 0.517241358757019,
  "best_validation_usually_P": 0.0,
  "best_validation_usually_R": 0.0,
  "best_validation_usually_F1": 0.0,
  "best_validation_often_P": 0.0,
  "best_validation_often_R": 0.0,
  "best_validation_often_F1": 0.0,
  "best_validation_sometimes_P": 0.0,
  "best_validation_sometimes_R": 0.0,
  "best_validation_sometimes_F1": 0.0,
  "best_validation_mostly_P": 0.0,
  "best_validation_mostly_R": 0.0,
  "best_validation_mostly_F1": 0.0,
  "best_validation_frequently_P": 0.0,
  "best_validation_frequently_R": 0.0,
  "best_validation_frequently_F1": 0.0,
  "best_validation_generally_P": 0.0,
  "best_validation_generally_R": 0.0,
  "best_validation_generally_F1": 0.0,
  "best_validation_occasionally_P": 0.0,
  "best_validation_occasionally_R": 0.0,
  "best_validation_occasionally_F1": 0.0,
  "best_validation_seldom_P": 0.0,
  "best_validation_seldom_R": 0.0,
  "best_validation_seldom_F1": 0.0,
  "best_validation_universally_P": 0.0,
  "best_validation_universally_R": 0.0,
  "best_validation_universally_F1": 0.0,
  "best_validation_average_F1": 0.06760513240640814,
  "best_validation_accuracy": 0.3364485981308411,
  "best_validation_loss": 1.7743471969257703
}