{
  "best_epoch": 0,
  "peak_worker_0_memory_MB": 829.01171875,
  "training_duration": "0:03:45.552562",
  "training_start_epoch": 0,
  "training_epochs": 4,
  "epoch": 4,
  "training_0_P": 0.9781898856163025,
  "training_0_R": 0.9995185136795044,
  "training_0_F1": 0.9887391924858093,
  "training_never_P": 0.6428571343421936,
  "training_never_R": 0.0634920671582222,
  "training_never_F1": 0.1155698299407959,
  "training_always_P": 0.9420289993286133,
  "training_always_R": 0.1515151560306549,
  "training_always_F1": 0.2610441744327545,
  "training_usually_P": 0.6428571343421936,
  "training_usually_R": 0.06040268391370773,
  "training_usually_F1": 0.11042944341897964,
  "training_often_P": 0.8333333134651184,
  "training_often_R": 0.0892857164144516,
  "training_often_F1": 0.16129031777381897,
  "training_sometimes_P": 1.0,
  "training_sometimes_R": 0.1428571492433548,
  "training_sometimes_F1": 0.25,
  "training_mostly_P": 0.75,
  "training_mostly_R": 0.1621621549129486,
  "training_mostly_F1": 0.2666666507720947,
  "training_frequently_P": 1.0,
  "training_frequently_R": 0.0714285746216774,
  "training_frequently_F1": 0.13333334028720856,
  "training_generally_P": 1.0,
  "training_generally_R": 0.25,
  "training_generally_F1": 0.4000000059604645,
  "training_occasionally_P": 0.800000011920929,
  "training_occasionally_R": 0.3076923191547394,
  "training_occasionally_F1": 0.4444444477558136,
  "training_seldom_P": 0.800000011920929,
  "training_seldom_R": 0.4444444477558136,
  "training_seldom_F1": 0.5714285373687744,
  "training_universally_P": 0.8333333134651184,
  "training_universally_R": 0.8333333134651184,
  "training_universally_F1": 0.8333333134651184,
  "training_average_F1": 0.3780232711384694,
  "training_accuracy": 0.9776581291199115,
  "training_loss": 0.10626722696702849,
  "training_worker_0_memory_MB": 829.01171875,
  "validation_0_P": 0.9810351133346558,
  "validation_0_R": 0.9996387958526611,
  "validation_0_F1": 0.9902495741844177,
  "validation_never_P": 0.0,
  "validation_never_R": 0.0,
  "validation_never_F1": 0.0,
  "validation_always_P": 0.0,
  "validation_always_R": 0.0,
  "validation_always_F1": 0.0,
  "validation_usually_P": 0.0,
  "validation_usually_R": 0.0,
  "validation_usually_F1": 0.0,
  "validation_often_P": 0.0,
  "validation_often_R": 0.0,
  "validation_often_F1": 0.0,
  "validation_sometimes_P": 0.0,
  "validation_sometimes_R": 0.0,
  "validation_sometimes_F1": 0.0,
  "validation_mostly_P": 0.0,
  "validation_mostly_R": 0.0,
  "validation_mostly_F1": 0.0,
  "validation_frequently_P": 0.0,
  "validation_frequently_R": 0.0,
  "validation_frequently_F1": 0.0,
  "validation_generally_P": 0.0,
  "validation_generally_R": 0.0,
  "validation_generally_F1": 0.0,
  "validation_occasionally_P": 0.0,
  "validation_occasionally_R": 0.0,
  "validation_occasionally_F1": 0.0,
  "validation_seldom_P": 0.0,
  "validation_seldom_R": 0.0,
  "validation_seldom_F1": 0.0,
  "validation_universally_P": 0.0,
  "validation_universally_R": 0.0,
  "validation_universally_F1": 0.0,
  "validation_average_F1": 0.08252079784870148,
  "validation_accuracy": 0.9806874557051737,
  "validation_loss": 0.15089587122531592,
  "best_validation_0_P": 0.9810417890548706,
  "best_validation_0_R": 1.0,
  "best_validation_0_F1": 0.9904301762580872,
  "best_validation_never_P": 0.0,
  "best_validation_never_R": 0.0,
  "best_validation_never_F1": 0.0,
  "best_validation_always_P": 0.0,
  "best_validation_always_R": 0.0,
  "best_validation_always_F1": 0.0,
  "best_validation_usually_P": 0.0,
  "best_validation_usually_R": 0.0,
  "best_validation_usually_F1": 0.0,
  "best_validation_often_P": 0.0,
  "best_validation_often_R": 0.0,
  "best_validation_often_F1": 0.0,
  "best_validation_sometimes_P": 0.0,
  "best_validation_sometimes_R": 0.0,
  "best_validation_sometimes_F1": 0.0,
  "best_validation_mostly_P": 0.0,
  "best_validation_mostly_R": 0.0,
  "best_validation_mostly_F1": 0.0,
  "best_validation_frequently_P": 0.0,
  "best_validation_frequently_R": 0.0,
  "best_validation_frequently_F1": 0.0,
  "best_validation_generally_P": 0.0,
  "best_validation_generally_R": 0.0,
  "best_validation_generally_F1": 0.0,
  "best_validation_occasionally_P": 0.0,
  "best_validation_occasionally_R": 0.0,
  "best_validation_occasionally_F1": 0.0,
  "best_validation_seldom_P": 0.0,
  "best_validation_seldom_R": 0.0,
  "best_validation_seldom_F1": 0.0,
  "best_validation_universally_P": 0.0,
  "best_validation_universally_R": 0.0,
  "best_validation_universally_F1": 0.0,
  "best_validation_average_F1": 0.08253584802150726,
  "best_validation_accuracy": 0.9810418143160878,
  "best_validation_loss": 0.13479386726806386
}