{
  "best_epoch": 1,
  "peak_worker_0_memory_MB": 847.21875,
  "training_duration": "0:06:23.062448",
  "training_start_epoch": 0,
  "training_epochs": 7,
  "epoch": 7,
  "training_0_P": 0.9772074222564697,
  "training_0_R": 0.9997076988220215,
  "training_0_F1": 0.9883295297622681,
  "training_never_P": 0.8157894611358643,
  "training_never_R": 0.05467372015118599,
  "training_never_F1": 0.10247933864593506,
  "training_always_P": 0.8813559412956238,
  "training_always_R": 0.12121212482452393,
  "training_always_F1": 0.21311478316783905,
  "training_usually_P": 1.0,
  "training_usually_R": 0.01342281885445118,
  "training_usually_F1": 0.026490066200494766,
  "training_often_P": 0.6363636255264282,
  "training_often_R": 0.0625,
  "training_often_F1": 0.11382114142179489,
  "training_sometimes_P": 1.0,
  "training_sometimes_R": 0.0476190485060215,
  "training_sometimes_F1": 0.09090908616781235,
  "training_mostly_P": 0.0,
  "training_mostly_R": 0.0,
  "training_mostly_F1": 0.0,
  "training_frequently_P": 1.0,
  "training_frequently_R": 0.1428571492433548,
  "training_frequently_F1": 0.25,
  "training_generally_P": 0.75,
  "training_generally_R": 0.125,
  "training_generally_F1": 0.2142857164144516,
  "training_occasionally_P": 1.0,
  "training_occasionally_R": 0.23076923191547394,
  "training_occasionally_F1": 0.375,
  "training_seldom_P": 1.0,
  "training_seldom_R": 0.1111111119389534,
  "training_seldom_F1": 0.19999998807907104,
  "training_universally_P": 0.0,
  "training_universally_R": 0.0,
  "training_universally_F1": 0.0,
  "training_average_F1": 0.21453580415497223,
  "training_accuracy": 0.9769201093611097,
  "training_loss": 0.11451937892974574,
  "training_worker_0_memory_MB": 847.21875,
  "validation_0_P": 0.9813796877861023,
  "validation_0_R": 0.9994581937789917,
  "validation_0_F1": 0.9903364777565002,
  "validation_never_P": 0.0,
  "validation_never_R": 0.0,
  "validation_never_F1": 0.0,
  "validation_always_P": 0.25,
  "validation_always_R": 0.02500000037252903,
  "validation_always_F1": 0.04545454680919647,
  "validation_usually_P": 0.0,
  "validation_usually_R": 0.0,
  "validation_usually_F1": 0.0,
  "validation_often_P": 0.0,
  "validation_often_R": 0.0,
  "validation_often_F1": 0.0,
  "validation_sometimes_P": 0.0,
  "validation_sometimes_R": 0.0,
  "validation_sometimes_F1": 0.0,
  "validation_mostly_P": 0.0,
  "validation_mostly_R": 0.0,
  "validation_mostly_F1": 0.0,
  "validation_frequently_P": 0.0,
  "validation_frequently_R": 0.0,
  "validation_frequently_F1": 0.0,
  "validation_generally_P": 0.0,
  "validation_generally_R": 0.0,
  "validation_generally_F1": 0.0,
  "validation_occasionally_P": 0.0,
  "validation_occasionally_R": 0.0,
  "validation_occasionally_F1": 0.0,
  "validation_seldom_P": 0.0,
  "validation_seldom_R": 0.0,
  "validation_seldom_F1": 0.0,
  "validation_universally_P": 0.0,
  "validation_universally_R": 0.0,
  "validation_universally_F1": 0.0,
  "validation_average_F1": 0.08631591871380806,
  "validation_accuracy": 0.9806874557051737,
  "validation_loss": 0.15494764494190438,
  "best_validation_0_P": 0.9810417890548706,
  "best_validation_0_R": 1.0,
  "best_validation_0_F1": 0.9904301762580872,
  "best_validation_never_P": 0.0,
  "best_validation_never_R": 0.0,
  "best_validation_never_F1": 0.0,
  "best_validation_always_P": 0.0,
  "best_validation_always_R": 0.0,
  "best_validation_always_F1": 0.0,
  "best_validation_usually_P": 0.0,
  "best_validation_usually_R": 0.0,
  "best_validation_usually_F1": 0.0,
  "best_validation_often_P": 0.0,
  "best_validation_often_R": 0.0,
  "best_validation_often_F1": 0.0,
  "best_validation_sometimes_P": 0.0,
  "best_validation_sometimes_R": 0.0,
  "best_validation_sometimes_F1": 0.0,
  "best_validation_mostly_P": 0.0,
  "best_validation_mostly_R": 0.0,
  "best_validation_mostly_F1": 0.0,
  "best_validation_frequently_P": 0.0,
  "best_validation_frequently_R": 0.0,
  "best_validation_frequently_F1": 0.0,
  "best_validation_generally_P": 0.0,
  "best_validation_generally_R": 0.0,
  "best_validation_generally_F1": 0.0,
  "best_validation_occasionally_P": 0.0,
  "best_validation_occasionally_R": 0.0,
  "best_validation_occasionally_F1": 0.0,
  "best_validation_seldom_P": 0.0,
  "best_validation_seldom_R": 0.0,
  "best_validation_seldom_F1": 0.0,
  "best_validation_universally_P": 0.0,
  "best_validation_universally_R": 0.0,
  "best_validation_universally_F1": 0.0,
  "best_validation_average_F1": 0.08253584802150726,
  "best_validation_accuracy": 0.9810418143160878,
  "best_validation_loss": 0.12933016065672964
}