{
  "best_epoch": 0,
  "peak_worker_0_memory_MB": 829.01171875,
  "training_duration": "0:07:27.946107",
  "training_start_epoch": 0,
  "training_epochs": 9,
  "epoch": 9,
  "training_0_P": 0.982104480266571,
  "training_0_R": 0.9984351992607117,
  "training_0_F1": 0.9902025461196899,
  "training_never_P": 0.6795580387115479,
  "training_never_R": 0.21693122386932373,
  "training_never_F1": 0.3288770020008087,
  "training_always_P": 0.8432835936546326,
  "training_always_R": 0.2634032666683197,
  "training_always_F1": 0.4014209806919098,
  "training_usually_P": 0.7317073345184326,
  "training_usually_R": 0.20134228467941284,
  "training_usually_F1": 0.31578946113586426,
  "training_often_P": 0.8600000143051147,
  "training_often_R": 0.3839285671710968,
  "training_often_F1": 0.5308641791343689,
  "training_sometimes_P": 0.8999999761581421,
  "training_sometimes_R": 0.2571428716182709,
  "training_sometimes_F1": 0.4000000059604645,
  "training_mostly_P": 0.7727272510528564,
  "training_mostly_R": 0.45945945382118225,
  "training_mostly_F1": 0.5762712359428406,
  "training_frequently_P": 0.800000011920929,
  "training_frequently_R": 0.2857142984867096,
  "training_frequently_F1": 0.42105263471603394,
  "training_generally_P": 0.7857142686843872,
  "training_generally_R": 0.4583333432674408,
  "training_generally_F1": 0.5789473652839661,
  "training_occasionally_P": 1.0,
  "training_occasionally_R": 0.6153846383094788,
  "training_occasionally_F1": 0.7619048357009888,
  "training_seldom_P": 1.0,
  "training_seldom_R": 0.7777777910232544,
  "training_seldom_F1": 0.875,
  "training_universally_P": 1.0,
  "training_universally_R": 1.0,
  "training_universally_F1": 1.0,
  "training_average_F1": 0.5983608538905779,
  "training_accuracy": 0.9804257032154179,
  "training_loss": 0.08090700975860249,
  "training_worker_0_memory_MB": 829.01171875,
  "validation_0_P": 0.9809946417808533,
  "validation_0_R": 0.9974715709686279,
  "validation_0_F1": 0.9891644716262817,
  "validation_never_P": 0.0,
  "validation_never_R": 0.0,
  "validation_never_F1": 0.0,
  "validation_always_P": 0.0,
  "validation_always_R": 0.0,
  "validation_always_F1": 0.0,
  "validation_usually_P": 0.0,
  "validation_usually_R": 0.0,
  "validation_usually_F1": 0.0,
  "validation_often_P": 0.0,
  "validation_often_R": 0.0,
  "validation_often_F1": 0.0,
  "validation_sometimes_P": 0.0,
  "validation_sometimes_R": 0.0,
  "validation_sometimes_F1": 0.0,
  "validation_mostly_P": 0.0,
  "validation_mostly_R": 0.0,
  "validation_mostly_F1": 0.0,
  "validation_frequently_P": 0.0,
  "validation_frequently_R": 0.0,
  "validation_frequently_F1": 0.0,
  "validation_generally_P": 0.0,
  "validation_generally_R": 0.0,
  "validation_generally_F1": 0.0,
  "validation_occasionally_P": 0.0,
  "validation_occasionally_R": 0.0,
  "validation_occasionally_F1": 0.0,
  "validation_seldom_P": 0.0,
  "validation_seldom_R": 0.0,
  "validation_seldom_F1": 0.0,
  "validation_universally_P": 0.0,
  "validation_universally_R": 0.0,
  "validation_universally_F1": 0.0,
  "validation_average_F1": 0.08243037263552348,
  "validation_accuracy": 0.9785613040396882,
  "validation_loss": 0.185971531485706,
  "best_validation_0_P": 0.9810417890548706,
  "best_validation_0_R": 1.0,
  "best_validation_0_F1": 0.9904301762580872,
  "best_validation_never_P": 0.0,
  "best_validation_never_R": 0.0,
  "best_validation_never_F1": 0.0,
  "best_validation_always_P": 0.0,
  "best_validation_always_R": 0.0,
  "best_validation_always_F1": 0.0,
  "best_validation_usually_P": 0.0,
  "best_validation_usually_R": 0.0,
  "best_validation_usually_F1": 0.0,
  "best_validation_often_P": 0.0,
  "best_validation_often_R": 0.0,
  "best_validation_often_F1": 0.0,
  "best_validation_sometimes_P": 0.0,
  "best_validation_sometimes_R": 0.0,
  "best_validation_sometimes_F1": 0.0,
  "best_validation_mostly_P": 0.0,
  "best_validation_mostly_R": 0.0,
  "best_validation_mostly_F1": 0.0,
  "best_validation_frequently_P": 0.0,
  "best_validation_frequently_R": 0.0,
  "best_validation_frequently_F1": 0.0,
  "best_validation_generally_P": 0.0,
  "best_validation_generally_R": 0.0,
  "best_validation_generally_F1": 0.0,
  "best_validation_occasionally_P": 0.0,
  "best_validation_occasionally_R": 0.0,
  "best_validation_occasionally_F1": 0.0,
  "best_validation_seldom_P": 0.0,
  "best_validation_seldom_R": 0.0,
  "best_validation_seldom_F1": 0.0,
  "best_validation_universally_P": 0.0,
  "best_validation_universally_R": 0.0,
  "best_validation_universally_F1": 0.0,
  "best_validation_average_F1": 0.08253584802150726,
  "best_validation_accuracy": 0.9810418143160878,
  "best_validation_loss": 0.13479386726806386
}