{
  "best_epoch": 1,
  "peak_worker_0_memory_MB": 847.21875,
  "training_duration": "0:08:43.590336",
  "training_start_epoch": 0,
  "training_epochs": 10,
  "epoch": 10,
  "training_0_P": 0.9789585471153259,
  "training_0_R": 0.9992433786392212,
  "training_0_F1": 0.9889969825744629,
  "training_never_P": 0.8441558480262756,
  "training_never_R": 0.11463844776153564,
  "training_never_F1": 0.2018633484840393,
  "training_always_P": 0.774193525314331,
  "training_always_R": 0.1678321659564972,
  "training_always_F1": 0.27586206793785095,
  "training_usually_P": 0.9090909361839294,
  "training_usually_R": 0.06711409240961075,
  "training_usually_F1": 0.1249999925494194,
  "training_often_P": 0.6428571343421936,
  "training_often_R": 0.1607142835855484,
  "training_often_F1": 0.2571428418159485,
  "training_sometimes_P": 0.8823529481887817,
  "training_sometimes_R": 0.1428571492433548,
  "training_sometimes_F1": 0.24590164422988892,
  "training_mostly_P": 0.6666666865348816,
  "training_mostly_R": 0.10810811072587967,
  "training_mostly_F1": 0.1860465109348297,
  "training_frequently_P": 0.8333333134651184,
  "training_frequently_R": 0.3571428656578064,
  "training_frequently_F1": 0.5,
  "training_generally_P": 0.8888888955116272,
  "training_generally_R": 0.3333333432674408,
  "training_generally_F1": 0.4848484992980957,
  "training_occasionally_P": 0.800000011920929,
  "training_occasionally_R": 0.3076923191547394,
  "training_occasionally_F1": 0.4444444477558136,
  "training_seldom_P": 0.800000011920929,
  "training_seldom_R": 0.4444444477558136,
  "training_seldom_F1": 0.5714285373687744,
  "training_universally_P": 1.0,
  "training_universally_R": 0.5,
  "training_universally_F1": 0.6666666865348816,
  "training_average_F1": 0.41235012995700043,
  "training_accuracy": 0.9781780975863399,
  "training_loss": 0.09906835689273683,
  "training_worker_0_memory_MB": 847.21875,
  "validation_0_P": 0.9812089800834656,
  "validation_0_R": 0.9996387958526611,
  "validation_0_F1": 0.990338146686554,
  "validation_never_P": 0.0,
  "validation_never_R": 0.0,
  "validation_never_F1": 0.0,
  "validation_always_P": 0.0,
  "validation_always_R": 0.0,
  "validation_always_F1": 0.0,
  "validation_usually_P": 0.0,
  "validation_usually_R": 0.0,
  "validation_usually_F1": 0.0,
  "validation_often_P": 0.0,
  "validation_often_R": 0.0,
  "validation_often_F1": 0.0,
  "validation_sometimes_P": 0.0,
  "validation_sometimes_R": 0.0,
  "validation_sometimes_F1": 0.0,
  "validation_mostly_P": 0.0,
  "validation_mostly_R": 0.0,
  "validation_mostly_F1": 0.0,
  "validation_frequently_P": 0.0,
  "validation_frequently_R": 0.0,
  "validation_frequently_F1": 0.0,
  "validation_generally_P": 0.0,
  "validation_generally_R": 0.0,
  "validation_generally_F1": 0.0,
  "validation_occasionally_P": 0.0,
  "validation_occasionally_R": 0.0,
  "validation_occasionally_F1": 0.0,
  "validation_seldom_P": 0.0,
  "validation_seldom_R": 0.0,
  "validation_seldom_F1": 0.0,
  "validation_universally_P": 0.0,
  "validation_universally_R": 0.0,
  "validation_universally_F1": 0.0,
  "validation_average_F1": 0.08252817889054616,
  "validation_accuracy": 0.9806874557051737,
  "validation_loss": 0.16971277745494173,
  "best_validation_0_P": 0.9810417890548706,
  "best_validation_0_R": 1.0,
  "best_validation_0_F1": 0.9904301762580872,
  "best_validation_never_P": 0.0,
  "best_validation_never_R": 0.0,
  "best_validation_never_F1": 0.0,
  "best_validation_always_P": 0.0,
  "best_validation_always_R": 0.0,
  "best_validation_always_F1": 0.0,
  "best_validation_usually_P": 0.0,
  "best_validation_usually_R": 0.0,
  "best_validation_usually_F1": 0.0,
  "best_validation_often_P": 0.0,
  "best_validation_often_R": 0.0,
  "best_validation_often_F1": 0.0,
  "best_validation_sometimes_P": 0.0,
  "best_validation_sometimes_R": 0.0,
  "best_validation_sometimes_F1": 0.0,
  "best_validation_mostly_P": 0.0,
  "best_validation_mostly_R": 0.0,
  "best_validation_mostly_F1": 0.0,
  "best_validation_frequently_P": 0.0,
  "best_validation_frequently_R": 0.0,
  "best_validation_frequently_F1": 0.0,
  "best_validation_generally_P": 0.0,
  "best_validation_generally_R": 0.0,
  "best_validation_generally_F1": 0.0,
  "best_validation_occasionally_P": 0.0,
  "best_validation_occasionally_R": 0.0,
  "best_validation_occasionally_F1": 0.0,
  "best_validation_seldom_P": 0.0,
  "best_validation_seldom_R": 0.0,
  "best_validation_seldom_F1": 0.0,
  "best_validation_universally_P": 0.0,
  "best_validation_universally_R": 0.0,
  "best_validation_universally_F1": 0.0,
  "best_validation_average_F1": 0.08253584802150726,
  "best_validation_accuracy": 0.9810418143160878,
  "best_validation_loss": 0.12933016065672964
}