{
  "best_epoch": 0,
  "peak_worker_0_memory_MB": 829.01171875,
  "training_duration": "0:05:13.951693",
  "training_start_epoch": 0,
  "training_epochs": 6,
  "epoch": 6,
  "training_0_P": 0.9799433350563049,
  "training_0_R": 0.9989510774612427,
  "training_0_F1": 0.9893559217453003,
  "training_never_P": 0.7009345889091492,
  "training_never_R": 0.13227513432502747,
  "training_never_F1": 0.22255192697048187,
  "training_always_P": 0.8301886916160583,
  "training_always_R": 0.20512820780277252,
  "training_always_F1": 0.3289719521999359,
  "training_usually_P": 0.7333333492279053,
  "training_usually_R": 0.14765100181102753,
  "training_usually_F1": 0.24581004679203033,
  "training_often_P": 0.9655172228813171,
  "training_often_R": 0.25,
  "training_often_F1": 0.3971630930900574,
  "training_sometimes_P": 0.9473684430122375,
  "training_sometimes_R": 0.17142857611179352,
  "training_sometimes_F1": 0.29032257199287415,
  "training_mostly_P": 0.9375,
  "training_mostly_R": 0.4054054021835327,
  "training_mostly_F1": 0.5660377144813538,
  "training_frequently_P": 0.5,
  "training_frequently_R": 0.2142857164144516,
  "training_frequently_F1": 0.29999998211860657,
  "training_generally_P": 1.0,
  "training_generally_R": 0.3333333432674408,
  "training_generally_F1": 0.5,
  "training_occasionally_P": 0.800000011920929,
  "training_occasionally_R": 0.3076923191547394,
  "training_occasionally_F1": 0.4444444477558136,
  "training_seldom_P": 0.800000011920929,
  "training_seldom_R": 0.4444444477558136,
  "training_seldom_F1": 0.5714285373687744,
  "training_universally_P": 0.8333333134651184,
  "training_universally_R": 0.8333333134651184,
  "training_universally_F1": 0.8333333134651184,
  "training_average_F1": 0.47411829233169556,
  "training_accuracy": 0.978932890521478,
  "training_loss": 0.0933221053434974,
  "training_worker_0_memory_MB": 829.01171875,
  "validation_0_P": 0.9810081720352173,
  "validation_0_R": 0.9981939792633057,
  "validation_0_F1": 0.9895264506340027,
  "validation_never_P": 0.0,
  "validation_never_R": 0.0,
  "validation_never_F1": 0.0,
  "validation_always_P": 0.0,
  "validation_always_R": 0.0,
  "validation_always_F1": 0.0,
  "validation_usually_P": 0.0,
  "validation_usually_R": 0.0,
  "validation_usually_F1": 0.0,
  "validation_often_P": 0.0,
  "validation_often_R": 0.0,
  "validation_often_F1": 0.0,
  "validation_sometimes_P": 0.0,
  "validation_sometimes_R": 0.0,
  "validation_sometimes_F1": 0.0,
  "validation_mostly_P": 0.0,
  "validation_mostly_R": 0.0,
  "validation_mostly_F1": 0.0,
  "validation_frequently_P": 0.0,
  "validation_frequently_R": 0.0,
  "validation_frequently_F1": 0.0,
  "validation_generally_P": 0.0,
  "validation_generally_R": 0.0,
  "validation_generally_F1": 0.0,
  "validation_occasionally_P": 0.0,
  "validation_occasionally_R": 0.0,
  "validation_occasionally_F1": 0.0,
  "validation_seldom_P": 0.0,
  "validation_seldom_R": 0.0,
  "validation_seldom_F1": 0.0,
  "validation_universally_P": 0.0,
  "validation_universally_R": 0.0,
  "validation_universally_F1": 0.0,
  "validation_average_F1": 0.08246053755283356,
  "validation_accuracy": 0.9792700212615166,
  "validation_loss": 0.16333924279037237,
  "best_validation_0_P": 0.9810417890548706,
  "best_validation_0_R": 1.0,
  "best_validation_0_F1": 0.9904301762580872,
  "best_validation_never_P": 0.0,
  "best_validation_never_R": 0.0,
  "best_validation_never_F1": 0.0,
  "best_validation_always_P": 0.0,
  "best_validation_always_R": 0.0,
  "best_validation_always_F1": 0.0,
  "best_validation_usually_P": 0.0,
  "best_validation_usually_R": 0.0,
  "best_validation_usually_F1": 0.0,
  "best_validation_often_P": 0.0,
  "best_validation_often_R": 0.0,
  "best_validation_often_F1": 0.0,
  "best_validation_sometimes_P": 0.0,
  "best_validation_sometimes_R": 0.0,
  "best_validation_sometimes_F1": 0.0,
  "best_validation_mostly_P": 0.0,
  "best_validation_mostly_R": 0.0,
  "best_validation_mostly_F1": 0.0,
  "best_validation_frequently_P": 0.0,
  "best_validation_frequently_R": 0.0,
  "best_validation_frequently_F1": 0.0,
  "best_validation_generally_P": 0.0,
  "best_validation_generally_R": 0.0,
  "best_validation_generally_F1": 0.0,
  "best_validation_occasionally_P": 0.0,
  "best_validation_occasionally_R": 0.0,
  "best_validation_occasionally_F1": 0.0,
  "best_validation_seldom_P": 0.0,
  "best_validation_seldom_R": 0.0,
  "best_validation_seldom_F1": 0.0,
  "best_validation_universally_P": 0.0,
  "best_validation_universally_R": 0.0,
  "best_validation_universally_F1": 0.0,
  "best_validation_average_F1": 0.08253584802150726,
  "best_validation_accuracy": 0.9810418143160878,
  "best_validation_loss": 0.13479386726806386
}