{
  "best_epoch": 1,
  "peak_worker_0_memory_MB": 847.21875,
  "training_duration": "0:09:30.359734",
  "training_start_epoch": 0,
  "training_epochs": 11,
  "epoch": 11,
  "training_0_P": 0.979271650314331,
  "training_0_R": 0.9992262125015259,
  "training_0_F1": 0.9891483187675476,
  "training_never_P": 0.761904776096344,
  "training_never_R": 0.11287477612495422,
  "training_never_F1": 0.19662056863307953,
  "training_always_P": 0.8727272748947144,
  "training_always_R": 0.2237762212753296,
  "training_always_F1": 0.3562152087688446,
  "training_usually_P": 0.7272727489471436,
  "training_usually_R": 0.05369127541780472,
  "training_usually_F1": 0.10000000149011612,
  "training_often_P": 0.8214285969734192,
  "training_often_R": 0.2053571492433548,
  "training_often_F1": 0.32857146859169006,
  "training_sometimes_P": 0.8095238208770752,
  "training_sometimes_R": 0.16190476715564728,
  "training_sometimes_F1": 0.2698412835597992,
  "training_mostly_P": 0.5,
  "training_mostly_R": 0.0810810774564743,
  "training_mostly_F1": 0.1395348757505417,
  "training_frequently_P": 0.800000011920929,
  "training_frequently_R": 0.2857142984867096,
  "training_frequently_F1": 0.42105263471603394,
  "training_generally_P": 1.0,
  "training_generally_R": 0.25,
  "training_generally_F1": 0.4000000059604645,
  "training_occasionally_P": 1.0,
  "training_occasionally_R": 0.23076923191547394,
  "training_occasionally_F1": 0.375,
  "training_seldom_P": 0.6000000238418579,
  "training_seldom_R": 0.3333333432674408,
  "training_seldom_F1": 0.4285714328289032,
  "training_universally_P": 0.0,
  "training_universally_R": 0.0,
  "training_universally_F1": 0.0,
  "training_average_F1": 0.333712983255585,
  "training_accuracy": 0.9784800147603951,
  "training_loss": 0.09655228317987814,
  "training_worker_0_memory_MB": 847.21875,
  "validation_0_P": 0.9811956882476807,
  "validation_0_R": 0.9989163875579834,
  "validation_0_F1": 0.9899767637252808,
  "validation_never_P": 0.0,
  "validation_never_R": 0.0,
  "validation_never_F1": 0.0,
  "validation_always_P": 0.0,
  "validation_always_R": 0.0,
  "validation_always_F1": 0.0,
  "validation_usually_P": 0.0,
  "validation_usually_R": 0.0,
  "validation_usually_F1": 0.0,
  "validation_often_P": 0.0,
  "validation_often_R": 0.0,
  "validation_often_F1": 0.0,
  "validation_sometimes_P": 0.0,
  "validation_sometimes_R": 0.0,
  "validation_sometimes_F1": 0.0,
  "validation_mostly_P": 0.0,
  "validation_mostly_R": 0.0,
  "validation_mostly_F1": 0.0,
  "validation_frequently_P": 0.0,
  "validation_frequently_R": 0.0,
  "validation_frequently_F1": 0.0,
  "validation_generally_P": 0.0,
  "validation_generally_R": 0.0,
  "validation_generally_F1": 0.0,
  "validation_occasionally_P": 0.0,
  "validation_occasionally_R": 0.0,
  "validation_occasionally_F1": 0.0,
  "validation_seldom_P": 0.0,
  "validation_seldom_R": 0.0,
  "validation_seldom_F1": 0.0,
  "validation_universally_P": 0.0,
  "validation_universally_R": 0.0,
  "validation_universally_F1": 0.0,
  "validation_average_F1": 0.08249806364377339,
  "validation_accuracy": 0.9799787384833452,
  "validation_loss": 0.1778243479236499,
  "best_validation_0_P": 0.9810417890548706,
  "best_validation_0_R": 1.0,
  "best_validation_0_F1": 0.9904301762580872,
  "best_validation_never_P": 0.0,
  "best_validation_never_R": 0.0,
  "best_validation_never_F1": 0.0,
  "best_validation_always_P": 0.0,
  "best_validation_always_R": 0.0,
  "best_validation_always_F1": 0.0,
  "best_validation_usually_P": 0.0,
  "best_validation_usually_R": 0.0,
  "best_validation_usually_F1": 0.0,
  "best_validation_often_P": 0.0,
  "best_validation_often_R": 0.0,
  "best_validation_often_F1": 0.0,
  "best_validation_sometimes_P": 0.0,
  "best_validation_sometimes_R": 0.0,
  "best_validation_sometimes_F1": 0.0,
  "best_validation_mostly_P": 0.0,
  "best_validation_mostly_R": 0.0,
  "best_validation_mostly_F1": 0.0,
  "best_validation_frequently_P": 0.0,
  "best_validation_frequently_R": 0.0,
  "best_validation_frequently_F1": 0.0,
  "best_validation_generally_P": 0.0,
  "best_validation_generally_R": 0.0,
  "best_validation_generally_F1": 0.0,
  "best_validation_occasionally_P": 0.0,
  "best_validation_occasionally_R": 0.0,
  "best_validation_occasionally_F1": 0.0,
  "best_validation_seldom_P": 0.0,
  "best_validation_seldom_R": 0.0,
  "best_validation_seldom_F1": 0.0,
  "best_validation_universally_P": 0.0,
  "best_validation_universally_R": 0.0,
  "best_validation_universally_F1": 0.0,
  "best_validation_average_F1": 0.08253584802150726,
  "best_validation_accuracy": 0.9810418143160878,
  "best_validation_loss": 0.12933016065672964
}