{
  "best_epoch": 1,
  "peak_worker_0_memory_MB": 847.21875,
  "training_duration": "0:04:50.706457",
  "training_start_epoch": 0,
  "training_epochs": 5,
  "epoch": 5,
  "training_0_P": 0.9766020178794861,
  "training_0_R": 0.9997936487197876,
  "training_0_F1": 0.988061785697937,
  "training_never_P": 0.8333333134651184,
  "training_never_R": 0.026455026119947433,
  "training_never_F1": 0.05128204822540283,
  "training_always_P": 0.918367326259613,
  "training_always_R": 0.10489510744810104,
  "training_always_F1": 0.18828453123569489,
  "training_usually_P": 1.0,
  "training_usually_R": 0.00671140942722559,
  "training_usually_F1": 0.013333333656191826,
  "training_often_P": 0.5555555820465088,
  "training_often_R": 0.0446428582072258,
  "training_often_F1": 0.08264463394880295,
  "training_sometimes_P": 0.5,
  "training_sometimes_R": 0.009523809887468815,
  "training_sometimes_F1": 0.018691590055823326,
  "training_mostly_P": 0.0,
  "training_mostly_R": 0.0,
  "training_mostly_F1": 0.0,
  "training_frequently_P": 0.0,
  "training_frequently_R": 0.0,
  "training_frequently_F1": 0.0,
  "training_generally_P": 1.0,
  "training_generally_R": 0.0416666679084301,
  "training_generally_F1": 0.08000000566244125,
  "training_occasionally_P": 1.0,
  "training_occasionally_R": 0.07692307978868484,
  "training_occasionally_F1": 0.1428571343421936,
  "training_seldom_P": 0.0,
  "training_seldom_R": 0.0,
  "training_seldom_F1": 0.0,
  "training_universally_P": 0.0,
  "training_universally_R": 0.0,
  "training_universally_F1": 0.0,
  "training_average_F1": 0.13042958856870732,
  "training_accuracy": 0.9763833677183448,
  "training_loss": 0.12483708480776358,
  "training_worker_0_memory_MB": 847.21875,
  "validation_0_P": 0.9810216426849365,
  "validation_0_R": 0.9989163875579834,
  "validation_0_F1": 0.9898881316184998,
  "validation_never_P": 0.0,
  "validation_never_R": 0.0,
  "validation_never_F1": 0.0,
  "validation_always_P": 0.0,
  "validation_always_R": 0.0,
  "validation_always_F1": 0.0,
  "validation_usually_P": 0.0,
  "validation_usually_R": 0.0,
  "validation_usually_F1": 0.0,
  "validation_often_P": 0.0,
  "validation_often_R": 0.0,
  "validation_often_F1": 0.0,
  "validation_sometimes_P": 0.0,
  "validation_sometimes_R": 0.0,
  "validation_sometimes_F1": 0.0,
  "validation_mostly_P": 0.0,
  "validation_mostly_R": 0.0,
  "validation_mostly_F1": 0.0,
  "validation_frequently_P": 0.0,
  "validation_frequently_R": 0.0,
  "validation_frequently_F1": 0.0,
  "validation_generally_P": 0.0,
  "validation_generally_R": 0.0,
  "validation_generally_F1": 0.0,
  "validation_occasionally_P": 0.0,
  "validation_occasionally_R": 0.0,
  "validation_occasionally_F1": 0.0,
  "validation_seldom_P": 0.0,
  "validation_seldom_R": 0.0,
  "validation_seldom_F1": 0.0,
  "validation_universally_P": 0.0,
  "validation_universally_R": 0.0,
  "validation_universally_F1": 0.0,
  "validation_average_F1": 0.08249067763487498,
  "validation_accuracy": 0.9799787384833452,
  "validation_loss": 0.14528480707379304,
  "best_validation_0_P": 0.9810417890548706,
  "best_validation_0_R": 1.0,
  "best_validation_0_F1": 0.9904301762580872,
  "best_validation_never_P": 0.0,
  "best_validation_never_R": 0.0,
  "best_validation_never_F1": 0.0,
  "best_validation_always_P": 0.0,
  "best_validation_always_R": 0.0,
  "best_validation_always_F1": 0.0,
  "best_validation_usually_P": 0.0,
  "best_validation_usually_R": 0.0,
  "best_validation_usually_F1": 0.0,
  "best_validation_often_P": 0.0,
  "best_validation_often_R": 0.0,
  "best_validation_often_F1": 0.0,
  "best_validation_sometimes_P": 0.0,
  "best_validation_sometimes_R": 0.0,
  "best_validation_sometimes_F1": 0.0,
  "best_validation_mostly_P": 0.0,
  "best_validation_mostly_R": 0.0,
  "best_validation_mostly_F1": 0.0,
  "best_validation_frequently_P": 0.0,
  "best_validation_frequently_R": 0.0,
  "best_validation_frequently_F1": 0.0,
  "best_validation_generally_P": 0.0,
  "best_validation_generally_R": 0.0,
  "best_validation_generally_F1": 0.0,
  "best_validation_occasionally_P": 0.0,
  "best_validation_occasionally_R": 0.0,
  "best_validation_occasionally_F1": 0.0,
  "best_validation_seldom_P": 0.0,
  "best_validation_seldom_R": 0.0,
  "best_validation_seldom_F1": 0.0,
  "best_validation_universally_P": 0.0,
  "best_validation_universally_R": 0.0,
  "best_validation_universally_F1": 0.0,
  "best_validation_average_F1": 0.08253584802150726,
  "best_validation_accuracy": 0.9810418143160878,
  "best_validation_loss": 0.12933016065672964
}