{
  "best_epoch": 1,
  "peak_worker_0_memory_MB": 847.21875,
  "training_duration": "0:07:57.706300",
  "training_start_epoch": 0,
  "training_epochs": 9,
  "epoch": 9,
  "training_0_P": 0.978421151638031,
  "training_0_R": 0.9995529055595398,
  "training_0_F1": 0.9888741374015808,
  "training_never_P": 0.8032786846160889,
  "training_never_R": 0.08641975373029709,
  "training_never_F1": 0.15605095028877258,
  "training_always_P": 0.9090909361839294,
  "training_always_R": 0.18648017942905426,
  "training_always_F1": 0.3094777464866638,
  "training_usually_P": 0.75,
  "training_usually_R": 0.04026845470070839,
  "training_usually_F1": 0.07643311470746994,
  "training_often_P": 0.6818181872367859,
  "training_often_R": 0.1339285671710968,
  "training_often_F1": 0.2238805890083313,
  "training_sometimes_P": 1.0,
  "training_sometimes_R": 0.12380952388048172,
  "training_sometimes_F1": 0.22033897042274475,
  "training_mostly_P": 0.5,
  "training_mostly_R": 0.054054055362939835,
  "training_mostly_F1": 0.09756097197532654,
  "training_frequently_P": 1.0,
  "training_frequently_R": 0.1428571492433548,
  "training_frequently_F1": 0.25,
  "training_generally_P": 1.0,
  "training_generally_R": 0.2083333283662796,
  "training_generally_F1": 0.3448275625705719,
  "training_occasionally_P": 0.800000011920929,
  "training_occasionally_R": 0.3076923191547394,
  "training_occasionally_F1": 0.4444444477558136,
  "training_seldom_P": 1.0,
  "training_seldom_R": 0.1111111119389534,
  "training_seldom_F1": 0.19999998807907104,
  "training_universally_P": 0.0,
  "training_universally_R": 0.0,
  "training_universally_F1": 0.0,
  "training_average_F1": 0.2759907065580289,
  "training_accuracy": 0.9779600462939667,
  "training_loss": 0.10282753969484337,
  "training_worker_0_memory_MB": 847.21875,
  "validation_0_P": 0.9811923503875732,
  "validation_0_R": 0.998735785484314,
  "validation_0_F1": 0.9898863434791565,
  "validation_never_P": 0.0,
  "validation_never_R": 0.0,
  "validation_never_F1": 0.0,
  "validation_always_P": 0.0,
  "validation_always_R": 0.0,
  "validation_always_F1": 0.0,
  "validation_usually_P": 0.0,
  "validation_usually_R": 0.0,
  "validation_usually_F1": 0.0,
  "validation_often_P": 0.0,
  "validation_often_R": 0.0,
  "validation_often_F1": 0.0,
  "validation_sometimes_P": 0.0,
  "validation_sometimes_R": 0.0,
  "validation_sometimes_F1": 0.0,
  "validation_mostly_P": 0.0,
  "validation_mostly_R": 0.0,
  "validation_mostly_F1": 0.0,
  "validation_frequently_P": 0.0,
  "validation_frequently_R": 0.0,
  "validation_frequently_F1": 0.0,
  "validation_generally_P": 0.0,
  "validation_generally_R": 0.0,
  "validation_generally_F1": 0.0,
  "validation_occasionally_P": 0.0,
  "validation_occasionally_R": 0.0,
  "validation_occasionally_F1": 0.0,
  "validation_seldom_P": 0.0,
  "validation_seldom_R": 0.0,
  "validation_seldom_F1": 0.0,
  "validation_universally_P": 0.0,
  "validation_universally_R": 0.0,
  "validation_universally_F1": 0.0,
  "validation_average_F1": 0.08249052862326305,
  "validation_accuracy": 0.979801559177888,
  "validation_loss": 0.16268000889783807,
  "best_validation_0_P": 0.9810417890548706,
  "best_validation_0_R": 1.0,
  "best_validation_0_F1": 0.9904301762580872,
  "best_validation_never_P": 0.0,
  "best_validation_never_R": 0.0,
  "best_validation_never_F1": 0.0,
  "best_validation_always_P": 0.0,
  "best_validation_always_R": 0.0,
  "best_validation_always_F1": 0.0,
  "best_validation_usually_P": 0.0,
  "best_validation_usually_R": 0.0,
  "best_validation_usually_F1": 0.0,
  "best_validation_often_P": 0.0,
  "best_validation_often_R": 0.0,
  "best_validation_often_F1": 0.0,
  "best_validation_sometimes_P": 0.0,
  "best_validation_sometimes_R": 0.0,
  "best_validation_sometimes_F1": 0.0,
  "best_validation_mostly_P": 0.0,
  "best_validation_mostly_R": 0.0,
  "best_validation_mostly_F1": 0.0,
  "best_validation_frequently_P": 0.0,
  "best_validation_frequently_R": 0.0,
  "best_validation_frequently_F1": 0.0,
  "best_validation_generally_P": 0.0,
  "best_validation_generally_R": 0.0,
  "best_validation_generally_F1": 0.0,
  "best_validation_occasionally_P": 0.0,
  "best_validation_occasionally_R": 0.0,
  "best_validation_occasionally_F1": 0.0,
  "best_validation_seldom_P": 0.0,
  "best_validation_seldom_R": 0.0,
  "best_validation_seldom_F1": 0.0,
  "best_validation_universally_P": 0.0,
  "best_validation_universally_R": 0.0,
  "best_validation_universally_F1": 0.0,
  "best_validation_average_F1": 0.08253584802150726,
  "best_validation_accuracy": 0.9810418143160878,
  "best_validation_loss": 0.12933016065672964
}