{
  "best_epoch": 0,
  "peak_worker_0_memory_MB": 829.01171875,
  "training_duration": "0:03:00.708077",
  "training_start_epoch": 0,
  "training_epochs": 3,
  "epoch": 3,
  "training_0_P": 0.9774198532104492,
  "training_0_R": 0.999656081199646,
  "training_0_F1": 0.9884129166603088,
  "training_never_P": 0.6829268336296082,
  "training_never_R": 0.04938271641731262,
  "training_never_F1": 0.09210525453090668,
  "training_always_P": 0.96875,
  "training_always_R": 0.14452214539051056,
  "training_always_F1": 0.2515212893486023,
  "training_usually_P": 0.27272728085517883,
  "training_usually_R": 0.020134227350354195,
  "training_usually_F1": 0.03749999403953552,
  "training_often_P": 0.75,
  "training_often_R": 0.02678571455180645,
  "training_often_F1": 0.051724135875701904,
  "training_sometimes_P": 1.0,
  "training_sometimes_R": 0.07619047909975052,
  "training_sometimes_F1": 0.14159291982650757,
  "training_mostly_P": 0.3333333432674408,
  "training_mostly_R": 0.027027027681469917,
  "training_mostly_F1": 0.04999999701976776,
  "training_frequently_P": 0.0,
  "training_frequently_R": 0.0,
  "training_frequently_F1": 0.0,
  "training_generally_P": 1.0,
  "training_generally_R": 0.1666666716337204,
  "training_generally_F1": 0.2857142984867096,
  "training_occasionally_P": 1.0,
  "training_occasionally_R": 0.07692307978868484,
  "training_occasionally_F1": 0.1428571343421936,
  "training_seldom_P": 1.0,
  "training_seldom_R": 0.2222222238779068,
  "training_seldom_F1": 0.3636363744735718,
  "training_universally_P": 0.75,
  "training_universally_R": 0.5,
  "training_universally_F1": 0.6000000238418579,
  "training_average_F1": 0.25042202820380527,
  "training_accuracy": 0.9770207484191281,
  "training_loss": 0.11531913189272278,
  "training_worker_0_memory_MB": 829.01171875,
  "validation_0_P": 0.9810384511947632,
  "validation_0_R": 0.9998193979263306,
  "validation_0_F1": 0.9903398752212524,
  "validation_never_P": 0.0,
  "validation_never_R": 0.0,
  "validation_never_F1": 0.0,
  "validation_always_P": 0.0,
  "validation_always_R": 0.0,
  "validation_always_F1": 0.0,
  "validation_usually_P": 0.0,
  "validation_usually_R": 0.0,
  "validation_usually_F1": 0.0,
  "validation_often_P": 0.0,
  "validation_often_R": 0.0,
  "validation_often_F1": 0.0,
  "validation_sometimes_P": 0.0,
  "validation_sometimes_R": 0.0,
  "validation_sometimes_F1": 0.0,
  "validation_mostly_P": 0.0,
  "validation_mostly_R": 0.0,
  "validation_mostly_F1": 0.0,
  "validation_frequently_P": 0.0,
  "validation_frequently_R": 0.0,
  "validation_frequently_F1": 0.0,
  "validation_generally_P": 0.0,
  "validation_generally_R": 0.0,
  "validation_generally_F1": 0.0,
  "validation_occasionally_P": 0.0,
  "validation_occasionally_R": 0.0,
  "validation_occasionally_F1": 0.0,
  "validation_seldom_P": 0.0,
  "validation_seldom_R": 0.0,
  "validation_seldom_F1": 0.0,
  "validation_universally_P": 0.0,
  "validation_universally_R": 0.0,
  "validation_universally_F1": 0.0,
  "validation_average_F1": 0.08252832293510437,
  "validation_accuracy": 0.9808646350106307,
  "validation_loss": 0.14723064574305858,
  "best_validation_0_P": 0.9810417890548706,
  "best_validation_0_R": 1.0,
  "best_validation_0_F1": 0.9904301762580872,
  "best_validation_never_P": 0.0,
  "best_validation_never_R": 0.0,
  "best_validation_never_F1": 0.0,
  "best_validation_always_P": 0.0,
  "best_validation_always_R": 0.0,
  "best_validation_always_F1": 0.0,
  "best_validation_usually_P": 0.0,
  "best_validation_usually_R": 0.0,
  "best_validation_usually_F1": 0.0,
  "best_validation_often_P": 0.0,
  "best_validation_often_R": 0.0,
  "best_validation_often_F1": 0.0,
  "best_validation_sometimes_P": 0.0,
  "best_validation_sometimes_R": 0.0,
  "best_validation_sometimes_F1": 0.0,
  "best_validation_mostly_P": 0.0,
  "best_validation_mostly_R": 0.0,
  "best_validation_mostly_F1": 0.0,
  "best_validation_frequently_P": 0.0,
  "best_validation_frequently_R": 0.0,
  "best_validation_frequently_F1": 0.0,
  "best_validation_generally_P": 0.0,
  "best_validation_generally_R": 0.0,
  "best_validation_generally_F1": 0.0,
  "best_validation_occasionally_P": 0.0,
  "best_validation_occasionally_R": 0.0,
  "best_validation_occasionally_F1": 0.0,
  "best_validation_seldom_P": 0.0,
  "best_validation_seldom_R": 0.0,
  "best_validation_seldom_F1": 0.0,
  "best_validation_universally_P": 0.0,
  "best_validation_universally_R": 0.0,
  "best_validation_universally_F1": 0.0,
  "best_validation_average_F1": 0.08253584802150726,
  "best_validation_accuracy": 0.9810418143160878,
  "best_validation_loss": 0.13479386726806386
}