{
  "best_epoch": 0,
  "peak_worker_0_memory_MB": 829.01171875,
  "training_duration": "0:08:12.569566",
  "training_start_epoch": 0,
  "training_epochs": 10,
  "epoch": 10,
  "training_0_P": 0.9824671149253845,
  "training_0_R": 0.9982632398605347,
  "training_0_F1": 0.9903022050857544,
  "training_never_P": 0.704081654548645,
  "training_never_R": 0.24338623881340027,
  "training_never_F1": 0.36173000931739807,
  "training_always_P": 0.834482729434967,
  "training_always_R": 0.28205129504203796,
  "training_always_F1": 0.4216028153896332,
  "training_usually_P": 0.75,
  "training_usually_R": 0.1812080591917038,
  "training_usually_F1": 0.291891872882843,
  "training_often_P": 0.8199999928474426,
  "training_often_R": 0.3660714328289032,
  "training_often_F1": 0.5061728358268738,
  "training_sometimes_P": 0.8205128312110901,
  "training_sometimes_R": 0.3047619163990021,
  "training_sometimes_F1": 0.4444444477558136,
  "training_mostly_P": 0.8148148059844971,
  "training_mostly_R": 0.5945945978164673,
  "training_mostly_F1": 0.6875,
  "training_frequently_P": 0.8571428656578064,
  "training_frequently_R": 0.4285714328289032,
  "training_frequently_F1": 0.5714285969734192,
  "training_generally_P": 0.8461538553237915,
  "training_generally_R": 0.4583333432674408,
  "training_generally_F1": 0.5945945978164673,
  "training_occasionally_P": 1.0,
  "training_occasionally_R": 0.5384615659713745,
  "training_occasionally_F1": 0.7000000476837158,
  "training_seldom_P": 1.0,
  "training_seldom_R": 0.5555555820465088,
  "training_seldom_F1": 0.7142857313156128,
  "training_universally_P": 1.0,
  "training_universally_R": 0.8333333134651184,
  "training_universally_F1": 0.9090909361839294,
  "training_average_F1": 0.5994203413526217,
  "training_accuracy": 0.9806940740368003,
  "training_loss": 0.0777296725987451,
  "training_worker_0_memory_MB": 829.01171875,
  "validation_0_P": 0.9809845685958862,
  "validation_0_R": 0.9969297647476196,
  "validation_0_F1": 0.9888928532600403,
  "validation_never_P": 0.0,
  "validation_never_R": 0.0,
  "validation_never_F1": 0.0,
  "validation_always_P": 0.0,
  "validation_always_R": 0.0,
  "validation_always_F1": 0.0,
  "validation_usually_P": 0.0,
  "validation_usually_R": 0.0,
  "validation_usually_F1": 0.0,
  "validation_often_P": 0.0,
  "validation_often_R": 0.0,
  "validation_often_F1": 0.0,
  "validation_sometimes_P": 0.0,
  "validation_sometimes_R": 0.0,
  "validation_sometimes_F1": 0.0,
  "validation_mostly_P": 0.0,
  "validation_mostly_R": 0.0,
  "validation_mostly_F1": 0.0,
  "validation_frequently_P": 0.0,
  "validation_frequently_R": 0.0,
  "validation_frequently_F1": 0.0,
  "validation_generally_P": 0.0,
  "validation_generally_R": 0.0,
  "validation_generally_F1": 0.0,
  "validation_occasionally_P": 0.0,
  "validation_occasionally_R": 0.0,
  "validation_occasionally_F1": 0.0,
  "validation_seldom_P": 0.0,
  "validation_seldom_R": 0.0,
  "validation_seldom_F1": 0.0,
  "validation_universally_P": 0.0,
  "validation_universally_R": 0.0,
  "validation_universally_F1": 0.0,
  "validation_average_F1": 0.08240773777167003,
  "validation_accuracy": 0.9780297661233168,
  "validation_loss": 0.18891469084171464,
  "best_validation_0_P": 0.9810417890548706,
  "best_validation_0_R": 1.0,
  "best_validation_0_F1": 0.9904301762580872,
  "best_validation_never_P": 0.0,
  "best_validation_never_R": 0.0,
  "best_validation_never_F1": 0.0,
  "best_validation_always_P": 0.0,
  "best_validation_always_R": 0.0,
  "best_validation_always_F1": 0.0,
  "best_validation_usually_P": 0.0,
  "best_validation_usually_R": 0.0,
  "best_validation_usually_F1": 0.0,
  "best_validation_often_P": 0.0,
  "best_validation_often_R": 0.0,
  "best_validation_often_F1": 0.0,
  "best_validation_sometimes_P": 0.0,
  "best_validation_sometimes_R": 0.0,
  "best_validation_sometimes_F1": 0.0,
  "best_validation_mostly_P": 0.0,
  "best_validation_mostly_R": 0.0,
  "best_validation_mostly_F1": 0.0,
  "best_validation_frequently_P": 0.0,
  "best_validation_frequently_R": 0.0,
  "best_validation_frequently_F1": 0.0,
  "best_validation_generally_P": 0.0,
  "best_validation_generally_R": 0.0,
  "best_validation_generally_F1": 0.0,
  "best_validation_occasionally_P": 0.0,
  "best_validation_occasionally_R": 0.0,
  "best_validation_occasionally_F1": 0.0,
  "best_validation_seldom_P": 0.0,
  "best_validation_seldom_R": 0.0,
  "best_validation_seldom_F1": 0.0,
  "best_validation_universally_P": 0.0,
  "best_validation_universally_R": 0.0,
  "best_validation_universally_F1": 0.0,
  "best_validation_average_F1": 0.08253584802150726,
  "best_validation_accuracy": 0.9810418143160878,
  "best_validation_loss": 0.13479386726806386
}