{
  "best_epoch": 1,
  "peak_worker_0_memory_MB": 847.21875,
  "training_duration": "0:05:37.506310",
  "training_start_epoch": 0,
  "training_epochs": 6,
  "epoch": 6,
  "training_0_P": 0.9768813252449036,
  "training_0_R": 0.9998108744621277,
  "training_0_F1": 0.988213062286377,
  "training_never_P": 0.8500000238418579,
  "training_never_R": 0.029982363805174828,
  "training_never_F1": 0.0579216368496418,
  "training_always_P": 0.9272727370262146,
  "training_always_R": 0.11888112127780914,
  "training_always_F1": 0.21074379980564117,
  "training_usually_P": 1.0,
  "training_usually_R": 0.00671140942722559,
  "training_usually_F1": 0.013333333656191826,
  "training_often_P": 0.5714285969734192,
  "training_often_R": 0.0714285746216774,
  "training_often_F1": 0.1269841194152832,
  "training_sometimes_P": 0.800000011920929,
  "training_sometimes_R": 0.03809523954987526,
  "training_sometimes_F1": 0.0727272778749466,
  "training_mostly_P": 1.0,
  "training_mostly_R": 0.027027027681469917,
  "training_mostly_F1": 0.05263157933950424,
  "training_frequently_P": 1.0,
  "training_frequently_R": 0.0714285746216774,
  "training_frequently_F1": 0.13333334028720856,
  "training_generally_P": 1.0,
  "training_generally_R": 0.0833333358168602,
  "training_generally_F1": 0.1538461595773697,
  "training_occasionally_P": 1.0,
  "training_occasionally_R": 0.07692307978868484,
  "training_occasionally_F1": 0.1428571343421936,
  "training_seldom_P": 0.0,
  "training_seldom_R": 0.0,
  "training_seldom_F1": 0.0,
  "training_universally_P": 0.0,
  "training_universally_R": 0.0,
  "training_universally_F1": 0.0,
  "training_average_F1": 0.1627159536195298,
  "training_accuracy": 0.9766852848924,
  "training_loss": 0.11951154852220373,
  "training_worker_0_memory_MB": 847.21875,
  "validation_0_P": 0.9810417890548706,
  "validation_0_R": 1.0,
  "validation_0_F1": 0.9904301762580872,
  "validation_never_P": 0.0,
  "validation_never_R": 0.0,
  "validation_never_F1": 0.0,
  "validation_always_P": 0.0,
  "validation_always_R": 0.0,
  "validation_always_F1": 0.0,
  "validation_usually_P": 0.0,
  "validation_usually_R": 0.0,
  "validation_usually_F1": 0.0,
  "validation_often_P": 0.0,
  "validation_often_R": 0.0,
  "validation_often_F1": 0.0,
  "validation_sometimes_P": 0.0,
  "validation_sometimes_R": 0.0,
  "validation_sometimes_F1": 0.0,
  "validation_mostly_P": 0.0,
  "validation_mostly_R": 0.0,
  "validation_mostly_F1": 0.0,
  "validation_frequently_P": 0.0,
  "validation_frequently_R": 0.0,
  "validation_frequently_F1": 0.0,
  "validation_generally_P": 0.0,
  "validation_generally_R": 0.0,
  "validation_generally_F1": 0.0,
  "validation_occasionally_P": 0.0,
  "validation_occasionally_R": 0.0,
  "validation_occasionally_F1": 0.0,
  "validation_seldom_P": 0.0,
  "validation_seldom_R": 0.0,
  "validation_seldom_F1": 0.0,
  "validation_universally_P": 0.0,
  "validation_universally_R": 0.0,
  "validation_universally_F1": 0.0,
  "validation_average_F1": 0.08253584802150726,
  "validation_accuracy": 0.9810418143160878,
  "validation_loss": 0.14424285434961187,
  "best_validation_0_P": 0.9810417890548706,
  "best_validation_0_R": 1.0,
  "best_validation_0_F1": 0.9904301762580872,
  "best_validation_never_P": 0.0,
  "best_validation_never_R": 0.0,
  "best_validation_never_F1": 0.0,
  "best_validation_always_P": 0.0,
  "best_validation_always_R": 0.0,
  "best_validation_always_F1": 0.0,
  "best_validation_usually_P": 0.0,
  "best_validation_usually_R": 0.0,
  "best_validation_usually_F1": 0.0,
  "best_validation_often_P": 0.0,
  "best_validation_often_R": 0.0,
  "best_validation_often_F1": 0.0,
  "best_validation_sometimes_P": 0.0,
  "best_validation_sometimes_R": 0.0,
  "best_validation_sometimes_F1": 0.0,
  "best_validation_mostly_P": 0.0,
  "best_validation_mostly_R": 0.0,
  "best_validation_mostly_F1": 0.0,
  "best_validation_frequently_P": 0.0,
  "best_validation_frequently_R": 0.0,
  "best_validation_frequently_F1": 0.0,
  "best_validation_generally_P": 0.0,
  "best_validation_generally_R": 0.0,
  "best_validation_generally_F1": 0.0,
  "best_validation_occasionally_P": 0.0,
  "best_validation_occasionally_R": 0.0,
  "best_validation_occasionally_F1": 0.0,
  "best_validation_seldom_P": 0.0,
  "best_validation_seldom_R": 0.0,
  "best_validation_seldom_F1": 0.0,
  "best_validation_universally_P": 0.0,
  "best_validation_universally_R": 0.0,
  "best_validation_universally_F1": 0.0,
  "best_validation_average_F1": 0.08253584802150726,
  "best_validation_accuracy": 0.9810418143160878,
  "best_validation_loss": 0.12933016065672964
}