{
  "best_epoch": 0,
  "peak_worker_0_memory_MB": 828.53125,
  "training_duration": "0:02:15.559034",
  "training_start_epoch": 0,
  "training_epochs": 2,
  "epoch": 2,
  "training_0_P": 0.9766184091567993,
  "training_0_R": 0.9997936487197876,
  "training_0_F1": 0.9880701303482056,
  "training_never_P": 0.6499999761581421,
  "training_never_R": 0.02292769029736519,
  "training_never_F1": 0.04429301619529724,
  "training_always_P": 0.9298245906829834,
  "training_always_R": 0.12354312092065811,
  "training_always_F1": 0.21810698509216309,
  "training_usually_P": 0.0,
  "training_usually_R": 0.0,
  "training_usually_F1": 0.0,
  "training_often_P": 1.0,
  "training_often_R": 0.008928571827709675,
  "training_often_F1": 0.017699116840958595,
  "training_sometimes_P": 1.0,
  "training_sometimes_R": 0.01904761977493763,
  "training_sometimes_F1": 0.03738318011164665,
  "training_mostly_P": 0.0,
  "training_mostly_R": 0.0,
  "training_mostly_F1": 0.0,
  "training_frequently_P": 0.0,
  "training_frequently_R": 0.0,
  "training_frequently_F1": 0.0,
  "training_generally_P": 1.0,
  "training_generally_R": 0.0416666679084301,
  "training_generally_F1": 0.08000000566244125,
  "training_occasionally_P": 0.0,
  "training_occasionally_R": 0.0,
  "training_occasionally_F1": 0.0,
  "training_seldom_P": 1.0,
  "training_seldom_R": 0.1111111119389534,
  "training_seldom_F1": 0.19999998807907104,
  "training_universally_P": 0.6666666865348816,
  "training_universally_R": 0.3333333432674408,
  "training_universally_F1": 0.444444477558136,
  "training_average_F1": 0.1691664083239933,
  "training_accuracy": 0.9764504604236904,
  "training_loss": 0.12635063761467202,
  "training_worker_0_memory_MB": 828.53125,
  "validation_0_P": 0.9810417890548706,
  "validation_0_R": 1.0,
  "validation_0_F1": 0.9904301762580872,
  "validation_never_P": 0.0,
  "validation_never_R": 0.0,
  "validation_never_F1": 0.0,
  "validation_always_P": 0.0,
  "validation_always_R": 0.0,
  "validation_always_F1": 0.0,
  "validation_usually_P": 0.0,
  "validation_usually_R": 0.0,
  "validation_usually_F1": 0.0,
  "validation_often_P": 0.0,
  "validation_often_R": 0.0,
  "validation_often_F1": 0.0,
  "validation_sometimes_P": 0.0,
  "validation_sometimes_R": 0.0,
  "validation_sometimes_F1": 0.0,
  "validation_mostly_P": 0.0,
  "validation_mostly_R": 0.0,
  "validation_mostly_F1": 0.0,
  "validation_frequently_P": 0.0,
  "validation_frequently_R": 0.0,
  "validation_frequently_F1": 0.0,
  "validation_generally_P": 0.0,
  "validation_generally_R": 0.0,
  "validation_generally_F1": 0.0,
  "validation_occasionally_P": 0.0,
  "validation_occasionally_R": 0.0,
  "validation_occasionally_F1": 0.0,
  "validation_seldom_P": 0.0,
  "validation_seldom_R": 0.0,
  "validation_seldom_F1": 0.0,
  "validation_universally_P": 0.0,
  "validation_universally_R": 0.0,
  "validation_universally_F1": 0.0,
  "validation_average_F1": 0.08253584802150726,
  "validation_accuracy": 0.9810418143160878,
  "validation_loss": 0.1422117726399308,
  "best_validation_0_P": 0.9810417890548706,
  "best_validation_0_R": 1.0,
  "best_validation_0_F1": 0.9904301762580872,
  "best_validation_never_P": 0.0,
  "best_validation_never_R": 0.0,
  "best_validation_never_F1": 0.0,
  "best_validation_always_P": 0.0,
  "best_validation_always_R": 0.0,
  "best_validation_always_F1": 0.0,
  "best_validation_usually_P": 0.0,
  "best_validation_usually_R": 0.0,
  "best_validation_usually_F1": 0.0,
  "best_validation_often_P": 0.0,
  "best_validation_often_R": 0.0,
  "best_validation_often_F1": 0.0,
  "best_validation_sometimes_P": 0.0,
  "best_validation_sometimes_R": 0.0,
  "best_validation_sometimes_F1": 0.0,
  "best_validation_mostly_P": 0.0,
  "best_validation_mostly_R": 0.0,
  "best_validation_mostly_F1": 0.0,
  "best_validation_frequently_P": 0.0,
  "best_validation_frequently_R": 0.0,
  "best_validation_frequently_F1": 0.0,
  "best_validation_generally_P": 0.0,
  "best_validation_generally_R": 0.0,
  "best_validation_generally_F1": 0.0,
  "best_validation_occasionally_P": 0.0,
  "best_validation_occasionally_R": 0.0,
  "best_validation_occasionally_F1": 0.0,
  "best_validation_seldom_P": 0.0,
  "best_validation_seldom_R": 0.0,
  "best_validation_seldom_F1": 0.0,
  "best_validation_universally_P": 0.0,
  "best_validation_universally_R": 0.0,
  "best_validation_universally_F1": 0.0,
  "best_validation_average_F1": 0.08253584802150726,
  "best_validation_accuracy": 0.9810418143160878,
  "best_validation_loss": 0.13479386726806386
}