{
  "best_epoch": 0,
  "peak_worker_0_memory_MB": 829.01171875,
  "training_duration": "0:06:43.488265",
  "training_start_epoch": 0,
  "training_epochs": 8,
  "epoch": 8,
  "training_0_P": 0.9814101457595825,
  "training_0_R": 0.9985899329185486,
  "training_0_F1": 0.9899255633354187,
  "training_never_P": 0.6792452931404114,
  "training_never_R": 0.190476194024086,
  "training_never_F1": 0.2975206673145294,
  "training_always_P": 0.859375,
  "training_always_R": 0.25641027092933655,
  "training_always_F1": 0.39497309923171997,
  "training_usually_P": 0.8181818127632141,
  "training_usually_R": 0.1812080591917038,
  "training_usually_F1": 0.2967033088207245,
  "training_often_P": 0.8717948794364929,
  "training_often_R": 0.3035714328289032,
  "training_often_F1": 0.4503311216831207,
  "training_sometimes_P": 0.8620689511299133,
  "training_sometimes_R": 0.2380952388048172,
  "training_sometimes_F1": 0.3731343150138855,
  "training_mostly_P": 0.8636363744735718,
  "training_mostly_R": 0.5135135054588318,
  "training_mostly_F1": 0.6440678238868713,
  "training_frequently_P": 0.5,
  "training_frequently_R": 0.2857142984867096,
  "training_frequently_F1": 0.3636363744735718,
  "training_generally_P": 0.800000011920929,
  "training_generally_R": 0.3333333432674408,
  "training_generally_F1": 0.4705882668495178,
  "training_occasionally_P": 1.0,
  "training_occasionally_R": 0.692307710647583,
  "training_occasionally_F1": 0.8181818127632141,
  "training_seldom_P": 1.0,
  "training_seldom_R": 0.3333333432674408,
  "training_seldom_F1": 0.5,
  "training_universally_P": 0.8571428656578064,
  "training_universally_R": 1.0,
  "training_universally_F1": 0.9230769276618958,
  "training_average_F1": 0.5435116067528725,
  "training_accuracy": 0.979972827454335,
  "training_loss": 0.08430083176049728,
  "training_worker_0_memory_MB": 829.01171875,
  "validation_0_P": 0.9810081720352173,
  "validation_0_R": 0.9981939792633057,
  "validation_0_F1": 0.9895264506340027,
  "validation_never_P": 0.0,
  "validation_never_R": 0.0,
  "validation_never_F1": 0.0,
  "validation_always_P": 0.0,
  "validation_always_R": 0.0,
  "validation_always_F1": 0.0,
  "validation_usually_P": 0.0,
  "validation_usually_R": 0.0,
  "validation_usually_F1": 0.0,
  "validation_often_P": 0.0,
  "validation_often_R": 0.0,
  "validation_often_F1": 0.0,
  "validation_sometimes_P": 0.0,
  "validation_sometimes_R": 0.0,
  "validation_sometimes_F1": 0.0,
  "validation_mostly_P": 0.0,
  "validation_mostly_R": 0.0,
  "validation_mostly_F1": 0.0,
  "validation_frequently_P": 0.0,
  "validation_frequently_R": 0.0,
  "validation_frequently_F1": 0.0,
  "validation_generally_P": 0.0,
  "validation_generally_R": 0.0,
  "validation_generally_F1": 0.0,
  "validation_occasionally_P": 0.0,
  "validation_occasionally_R": 0.0,
  "validation_occasionally_F1": 0.0,
  "validation_seldom_P": 0.0,
  "validation_seldom_R": 0.0,
  "validation_seldom_F1": 0.0,
  "validation_universally_P": 0.0,
  "validation_universally_R": 0.0,
  "validation_universally_F1": 0.0,
  "validation_average_F1": 0.08246053755283356,
  "validation_accuracy": 0.9792700212615166,
  "validation_loss": 0.17468740219400733,
  "best_validation_0_P": 0.9810417890548706,
  "best_validation_0_R": 1.0,
  "best_validation_0_F1": 0.9904301762580872,
  "best_validation_never_P": 0.0,
  "best_validation_never_R": 0.0,
  "best_validation_never_F1": 0.0,
  "best_validation_always_P": 0.0,
  "best_validation_always_R": 0.0,
  "best_validation_always_F1": 0.0,
  "best_validation_usually_P": 0.0,
  "best_validation_usually_R": 0.0,
  "best_validation_usually_F1": 0.0,
  "best_validation_often_P": 0.0,
  "best_validation_often_R": 0.0,
  "best_validation_often_F1": 0.0,
  "best_validation_sometimes_P": 0.0,
  "best_validation_sometimes_R": 0.0,
  "best_validation_sometimes_F1": 0.0,
  "best_validation_mostly_P": 0.0,
  "best_validation_mostly_R": 0.0,
  "best_validation_mostly_F1": 0.0,
  "best_validation_frequently_P": 0.0,
  "best_validation_frequently_R": 0.0,
  "best_validation_frequently_F1": 0.0,
  "best_validation_generally_P": 0.0,
  "best_validation_generally_R": 0.0,
  "best_validation_generally_F1": 0.0,
  "best_validation_occasionally_P": 0.0,
  "best_validation_occasionally_R": 0.0,
  "best_validation_occasionally_F1": 0.0,
  "best_validation_seldom_P": 0.0,
  "best_validation_seldom_R": 0.0,
  "best_validation_seldom_F1": 0.0,
  "best_validation_universally_P": 0.0,
  "best_validation_universally_R": 0.0,
  "best_validation_universally_F1": 0.0,
  "best_validation_average_F1": 0.08253584802150726,
  "best_validation_accuracy": 0.9810418143160878,
  "best_validation_loss": 0.13479386726806386
}