{
  "best_epoch": 0,
  "peak_worker_0_memory_MB": 829.01171875,
  "training_duration": "0:04:30.314294",
  "training_start_epoch": 0,
  "training_epochs": 5,
  "epoch": 5,
  "training_0_P": 0.9790831208229065,
  "training_0_R": 0.9988822937011719,
  "training_0_F1": 0.9888836145401001,
  "training_never_P": 0.6263736486434937,
  "training_never_R": 0.10052909702062607,
  "training_never_F1": 0.17325226962566376,
  "training_always_P": 0.8351648449897766,
  "training_always_R": 0.17715618014335632,
  "training_always_F1": 0.29230770468711853,
  "training_usually_P": 0.5925925970077515,
  "training_usually_R": 0.10738255083560944,
  "training_usually_F1": 0.1818181872367859,
  "training_often_P": 0.8571428656578064,
  "training_often_R": 0.1607142835855484,
  "training_often_F1": 0.2706766724586487,
  "training_sometimes_P": 0.8947368264198303,
  "training_sometimes_R": 0.16190476715564728,
  "training_sometimes_F1": 0.27419355511665344,
  "training_mostly_P": 0.8181818127632141,
  "training_mostly_R": 0.2432432472705841,
  "training_mostly_F1": 0.375,
  "training_frequently_P": 0.5,
  "training_frequently_R": 0.1428571492433548,
  "training_frequently_F1": 0.222222238779068,
  "training_generally_P": 0.8999999761581421,
  "training_generally_R": 0.375,
  "training_generally_F1": 0.5294117331504822,
  "training_occasionally_P": 1.0,
  "training_occasionally_R": 0.3076923191547394,
  "training_occasionally_F1": 0.4705882668495178,
  "training_seldom_P": 0.6666666865348816,
  "training_seldom_R": 0.4444444477558136,
  "training_seldom_F1": 0.5333333015441895,
  "training_universally_P": 0.800000011920929,
  "training_universally_R": 0.6666666865348816,
  "training_universally_F1": 0.7272727489471436,
  "training_average_F1": 0.4199133577446143,
  "training_accuracy": 0.9779600462939667,
  "training_loss": 0.09947519671493384,
  "training_worker_0_memory_MB": 829.01171875,
  "validation_0_P": 0.9810317158699036,
  "validation_0_R": 0.9994581937789917,
  "validation_0_F1": 0.9901591539382935,
  "validation_never_P": 0.0,
  "validation_never_R": 0.0,
  "validation_never_F1": 0.0,
  "validation_always_P": 0.0,
  "validation_always_R": 0.0,
  "validation_always_F1": 0.0,
  "validation_usually_P": 0.0,
  "validation_usually_R": 0.0,
  "validation_usually_F1": 0.0,
  "validation_often_P": 0.0,
  "validation_often_R": 0.0,
  "validation_often_F1": 0.0,
  "validation_sometimes_P": 0.0,
  "validation_sometimes_R": 0.0,
  "validation_sometimes_F1": 0.0,
  "validation_mostly_P": 0.0,
  "validation_mostly_R": 0.0,
  "validation_mostly_F1": 0.0,
  "validation_frequently_P": 0.0,
  "validation_frequently_R": 0.0,
  "validation_frequently_F1": 0.0,
  "validation_generally_P": 0.0,
  "validation_generally_R": 0.0,
  "validation_generally_F1": 0.0,
  "validation_occasionally_P": 0.0,
  "validation_occasionally_R": 0.0,
  "validation_occasionally_F1": 0.0,
  "validation_seldom_P": 0.0,
  "validation_seldom_R": 0.0,
  "validation_seldom_F1": 0.0,
  "validation_universally_P": 0.0,
  "validation_universally_R": 0.0,
  "validation_universally_F1": 0.0,
  "validation_average_F1": 0.08251326282819112,
  "validation_accuracy": 0.9805102763997166,
  "validation_loss": 0.15458183708287512,
  "best_validation_0_P": 0.9810417890548706,
  "best_validation_0_R": 1.0,
  "best_validation_0_F1": 0.9904301762580872,
  "best_validation_never_P": 0.0,
  "best_validation_never_R": 0.0,
  "best_validation_never_F1": 0.0,
  "best_validation_always_P": 0.0,
  "best_validation_always_R": 0.0,
  "best_validation_always_F1": 0.0,
  "best_validation_usually_P": 0.0,
  "best_validation_usually_R": 0.0,
  "best_validation_usually_F1": 0.0,
  "best_validation_often_P": 0.0,
  "best_validation_often_R": 0.0,
  "best_validation_often_F1": 0.0,
  "best_validation_sometimes_P": 0.0,
  "best_validation_sometimes_R": 0.0,
  "best_validation_sometimes_F1": 0.0,
  "best_validation_mostly_P": 0.0,
  "best_validation_mostly_R": 0.0,
  "best_validation_mostly_F1": 0.0,
  "best_validation_frequently_P": 0.0,
  "best_validation_frequently_R": 0.0,
  "best_validation_frequently_F1": 0.0,
  "best_validation_generally_P": 0.0,
  "best_validation_generally_R": 0.0,
  "best_validation_generally_F1": 0.0,
  "best_validation_occasionally_P": 0.0,
  "best_validation_occasionally_R": 0.0,
  "best_validation_occasionally_F1": 0.0,
  "best_validation_seldom_P": 0.0,
  "best_validation_seldom_R": 0.0,
  "best_validation_seldom_F1": 0.0,
  "best_validation_universally_P": 0.0,
  "best_validation_universally_R": 0.0,
  "best_validation_universally_F1": 0.0,
  "best_validation_average_F1": 0.08253584802150726,
  "best_validation_accuracy": 0.9810418143160878,
  "best_validation_loss": 0.13479386726806386
}