{
  "best_epoch": 1,
  "peak_worker_0_memory_MB": 847.21875,
  "training_duration": "0:07:09.935895",
  "training_start_epoch": 0,
  "training_epochs": 8,
  "epoch": 8,
  "training_0_P": 0.9777639508247375,
  "training_0_R": 0.9996045231819153,
  "training_0_F1": 0.9885636568069458,
  "training_never_P": 0.7924528121948242,
  "training_never_R": 0.07407407462596893,
  "training_never_F1": 0.13548386096954346,
  "training_always_P": 0.8985507488250732,
  "training_always_R": 0.14452214539051056,
  "training_always_F1": 0.24899595975875854,
  "training_usually_P": 1.0,
  "training_usually_R": 0.033557046204805374,
  "training_usually_F1": 0.06493506580591202,
  "training_often_P": 0.5625,
  "training_often_R": 0.0803571417927742,
  "training_often_F1": 0.140625,
  "training_sometimes_P": 1.0,
  "training_sometimes_R": 0.0476190485060215,
  "training_sometimes_F1": 0.09090908616781235,
  "training_mostly_P": 0.0,
  "training_mostly_R": 0.0,
  "training_mostly_F1": 0.0,
  "training_frequently_P": 1.0,
  "training_frequently_R": 0.1428571492433548,
  "training_frequently_F1": 0.25,
  "training_generally_P": 0.7142857313156128,
  "training_generally_R": 0.2083333283662796,
  "training_generally_F1": 0.32258063554763794,
  "training_occasionally_P": 1.0,
  "training_occasionally_R": 0.3076923191547394,
  "training_occasionally_F1": 0.4705882668495178,
  "training_seldom_P": 0.75,
  "training_seldom_R": 0.3333333432674408,
  "training_seldom_F1": 0.4615384340286255,
  "training_universally_P": 1.0,
  "training_universally_R": 0.1666666716337204,
  "training_universally_F1": 0.2857142984867096,
  "training_average_F1": 0.28832785536845523,
  "training_accuracy": 0.9773562119458562,
  "training_loss": 0.1075696906027472,
  "training_worker_0_memory_MB": 847.21875,
  "validation_0_P": 0.9812023639678955,
  "validation_0_R": 0.9992775917053223,
  "validation_0_F1": 0.9901574850082397,
  "validation_never_P": 0.0,
  "validation_never_R": 0.0,
  "validation_never_F1": 0.0,
  "validation_always_P": 0.0,
  "validation_always_R": 0.0,
  "validation_always_F1": 0.0,
  "validation_usually_P": 0.0,
  "validation_usually_R": 0.0,
  "validation_usually_F1": 0.0,
  "validation_often_P": 0.0,
  "validation_often_R": 0.0,
  "validation_often_F1": 0.0,
  "validation_sometimes_P": 0.0,
  "validation_sometimes_R": 0.0,
  "validation_sometimes_F1": 0.0,
  "validation_mostly_P": 0.0,
  "validation_mostly_R": 0.0,
  "validation_mostly_F1": 0.0,
  "validation_frequently_P": 0.0,
  "validation_frequently_R": 0.0,
  "validation_frequently_F1": 0.0,
  "validation_generally_P": 0.0,
  "validation_generally_R": 0.0,
  "validation_generally_F1": 0.0,
  "validation_occasionally_P": 0.0,
  "validation_occasionally_R": 0.0,
  "validation_occasionally_F1": 0.0,
  "validation_seldom_P": 0.0,
  "validation_seldom_R": 0.0,
  "validation_seldom_F1": 0.0,
  "validation_universally_P": 0.0,
  "validation_universally_R": 0.0,
  "validation_universally_F1": 0.0,
  "validation_average_F1": 0.08251312375068665,
  "validation_accuracy": 0.9803330970942594,
  "validation_loss": 0.16159243634407433,
  "best_validation_0_P": 0.9810417890548706,
  "best_validation_0_R": 1.0,
  "best_validation_0_F1": 0.9904301762580872,
  "best_validation_never_P": 0.0,
  "best_validation_never_R": 0.0,
  "best_validation_never_F1": 0.0,
  "best_validation_always_P": 0.0,
  "best_validation_always_R": 0.0,
  "best_validation_always_F1": 0.0,
  "best_validation_usually_P": 0.0,
  "best_validation_usually_R": 0.0,
  "best_validation_usually_F1": 0.0,
  "best_validation_often_P": 0.0,
  "best_validation_often_R": 0.0,
  "best_validation_often_F1": 0.0,
  "best_validation_sometimes_P": 0.0,
  "best_validation_sometimes_R": 0.0,
  "best_validation_sometimes_F1": 0.0,
  "best_validation_mostly_P": 0.0,
  "best_validation_mostly_R": 0.0,
  "best_validation_mostly_F1": 0.0,
  "best_validation_frequently_P": 0.0,
  "best_validation_frequently_R": 0.0,
  "best_validation_frequently_F1": 0.0,
  "best_validation_generally_P": 0.0,
  "best_validation_generally_R": 0.0,
  "best_validation_generally_F1": 0.0,
  "best_validation_occasionally_P": 0.0,
  "best_validation_occasionally_R": 0.0,
  "best_validation_occasionally_F1": 0.0,
  "best_validation_seldom_P": 0.0,
  "best_validation_seldom_R": 0.0,
  "best_validation_seldom_F1": 0.0,
  "best_validation_universally_P": 0.0,
  "best_validation_universally_R": 0.0,
  "best_validation_universally_F1": 0.0,
  "best_validation_average_F1": 0.08253584802150726,
  "best_validation_accuracy": 0.9810418143160878,
  "best_validation_loss": 0.12933016065672964
}