{
  "best_epoch": 0,
  "peak_worker_0_memory_MB": 829.01171875,
  "training_duration": "0:05:57.303895",
  "training_start_epoch": 0,
  "training_epochs": 7,
  "epoch": 7,
  "training_0_P": 0.9807649850845337,
  "training_0_R": 0.9986587166786194,
  "training_0_F1": 0.989630937576294,
  "training_never_P": 0.6388888955116272,
  "training_never_R": 0.16225749254226685,
  "training_never_F1": 0.25879043340682983,
  "training_always_P": 0.859649121761322,
  "training_always_R": 0.22843822836875916,
  "training_always_F1": 0.36095765233039856,
  "training_usually_P": 0.6800000071525574,
  "training_usually_R": 0.11409395933151245,
  "training_usually_F1": 0.19540229439735413,
  "training_often_P": 0.8780487775802612,
  "training_often_R": 0.3214285671710968,
  "training_often_F1": 0.47058823704719543,
  "training_sometimes_P": 0.9583333134651184,
  "training_sometimes_R": 0.21904762089252472,
  "training_sometimes_F1": 0.356589138507843,
  "training_mostly_P": 0.8421052694320679,
  "training_mostly_R": 0.4324324429035187,
  "training_mostly_F1": 0.5714285969734192,
  "training_frequently_P": 0.6666666865348816,
  "training_frequently_R": 0.2857142984867096,
  "training_frequently_F1": 0.4000000059604645,
  "training_generally_P": 0.8888888955116272,
  "training_generally_R": 0.3333333432674408,
  "training_generally_F1": 0.4848484992980957,
  "training_occasionally_P": 0.7777777910232544,
  "training_occasionally_R": 0.5384615659713745,
  "training_occasionally_F1": 0.636363685131073,
  "training_seldom_P": 0.7142857313156128,
  "training_seldom_R": 0.5555555820465088,
  "training_seldom_F1": 0.6250000596046448,
  "training_universally_P": 1.0,
  "training_universally_R": 1.0,
  "training_universally_F1": 1.0,
  "training_average_F1": 0.5291332950194677,
  "training_accuracy": 0.9793522199298881,
  "training_loss": 0.08938491751727842,
  "training_worker_0_memory_MB": 829.01171875,
  "validation_0_P": 0.980981171131134,
  "validation_0_R": 0.9967491626739502,
  "validation_0_F1": 0.9888023138046265,
  "validation_never_P": 0.0,
  "validation_never_R": 0.0,
  "validation_never_F1": 0.0,
  "validation_always_P": 0.0,
  "validation_always_R": 0.0,
  "validation_always_F1": 0.0,
  "validation_usually_P": 0.0,
  "validation_usually_R": 0.0,
  "validation_usually_F1": 0.0,
  "validation_often_P": 0.0,
  "validation_often_R": 0.0,
  "validation_often_F1": 0.0,
  "validation_sometimes_P": 0.0,
  "validation_sometimes_R": 0.0,
  "validation_sometimes_F1": 0.0,
  "validation_mostly_P": 0.0,
  "validation_mostly_R": 0.0,
  "validation_mostly_F1": 0.0,
  "validation_frequently_P": 0.0,
  "validation_frequently_R": 0.0,
  "validation_frequently_F1": 0.0,
  "validation_generally_P": 0.0,
  "validation_generally_R": 0.0,
  "validation_generally_F1": 0.0,
  "validation_occasionally_P": 0.0,
  "validation_occasionally_R": 0.0,
  "validation_occasionally_F1": 0.0,
  "validation_seldom_P": 0.0,
  "validation_seldom_R": 0.0,
  "validation_seldom_F1": 0.0,
  "validation_universally_P": 0.0,
  "validation_universally_R": 0.0,
  "validation_universally_F1": 0.0,
  "validation_average_F1": 0.0824001928170522,
  "validation_accuracy": 0.9778525868178597,
  "validation_loss": 0.1718627345818301,
  "best_validation_0_P": 0.9810417890548706,
  "best_validation_0_R": 1.0,
  "best_validation_0_F1": 0.9904301762580872,
  "best_validation_never_P": 0.0,
  "best_validation_never_R": 0.0,
  "best_validation_never_F1": 0.0,
  "best_validation_always_P": 0.0,
  "best_validation_always_R": 0.0,
  "best_validation_always_F1": 0.0,
  "best_validation_usually_P": 0.0,
  "best_validation_usually_R": 0.0,
  "best_validation_usually_F1": 0.0,
  "best_validation_often_P": 0.0,
  "best_validation_often_R": 0.0,
  "best_validation_often_F1": 0.0,
  "best_validation_sometimes_P": 0.0,
  "best_validation_sometimes_R": 0.0,
  "best_validation_sometimes_F1": 0.0,
  "best_validation_mostly_P": 0.0,
  "best_validation_mostly_R": 0.0,
  "best_validation_mostly_F1": 0.0,
  "best_validation_frequently_P": 0.0,
  "best_validation_frequently_R": 0.0,
  "best_validation_frequently_F1": 0.0,
  "best_validation_generally_P": 0.0,
  "best_validation_generally_R": 0.0,
  "best_validation_generally_F1": 0.0,
  "best_validation_occasionally_P": 0.0,
  "best_validation_occasionally_R": 0.0,
  "best_validation_occasionally_F1": 0.0,
  "best_validation_seldom_P": 0.0,
  "best_validation_seldom_R": 0.0,
  "best_validation_seldom_F1": 0.0,
  "best_validation_universally_P": 0.0,
  "best_validation_universally_R": 0.0,
  "best_validation_universally_F1": 0.0,
  "best_validation_average_F1": 0.08253584802150726,
  "best_validation_accuracy": 0.9810418143160878,
  "best_validation_loss": 0.13479386726806386
}